time,有色金属I,煤炭I,银行I,钢铁I,国防军工I,家用电器I,公用事业I,通信I,农林牧渔I,食品饮料I,计算机I,机械设备I,美容护理I,环保I,交通运输I,建筑材料I,石油石化I,纺织服装I,房地产I,传媒I,商业贸易I,综合I,汽车I,轻工制造I,建筑装饰I,电子I,非银金融I,化工I,休闲服务I,医药生物I,电气设备I,sum,aver
2025-05-29,43.28358208955224,72.97297297297297,73.80952380952381,40.90909090909091,50.72463768115942,53.68421052631579,56.48854961832061,59.05511811023622,54.36893203883495,74.79674796747967,60.11904761904762,59.847036328871894,67.74193548387096,88.7218045112782,72.58064516129032,61.971830985915496,70.83333333333333,82.6923076923077,44.11764705882353,70.0,55.55555555555556,68.42105263157895,65.29850746268657,71.89542483660131,64.74358974358974,49.780701754385966,38.55421686746988,59.09090909090909,57.89473684210526,85.38135593220339,53.714285714285715,62.22739646224507,62.10670314637483
2025-05-28,38.80597014925373,62.16216216216216,80.95238095238095,31.818181818181817,36.231884057971016,44.21052631578947,47.32824427480916,40.94488188976378,52.42718446601942,77.23577235772358,27.976190476190474,46.653919694072655,74.19354838709677,76.69172932330827,64.51612903225806,46.478873239436616,64.58333333333333,74.03846153846153,35.294117647058826,46.15384615384615,43.43434343434343,52.63157894736842,50.74626865671642,66.66666666666667,48.07692307692308,26.31578947368421,14.457831325301205,51.26262626262626,34.21052631578947,66.10169491525424,40.857142857142854,50.43415255486884,47.684189955051785
2025-05-27,44.02985074626866,51.351351351351354,85.71428571428571,47.72727272727273,47.82608695652174,51.578947368421055,54.961832061068705,45.669291338582674,61.16504854368932,78.04878048780488,30.654761904761905,49.90439770554493,74.19354838709677,73.6842105263158,55.645161290322584,52.11267605633803,64.58333333333333,78.84615384615384,37.254901960784316,55.38461538461539,39.39393939393939,63.1578947368421,56.343283582089555,71.89542483660131,56.41025641025641,32.23684210526316,24.096385542168676,64.8989898989899,42.10526315789474,74.15254237288136,47.42857142857143,55.24051294051715,53.253859683408244
2025-05-26,61.940298507462686,51.351351351351354,88.0952380952381,50.0,51.44927536231884,58.94736842105263,45.038167938931295,54.330708661417326,47.57281553398058,61.78861788617886,37.79761904761905,56.21414913957935,74.19354838709677,69.17293233082707,58.87096774193548,52.11267605633803,56.25,70.1923076923077,29.41176470588235,60.76923076923077,36.36363636363637,52.63157894736842,64.55223880597015,75.16339869281046,55.76923076923077,40.57017543859649,22.89156626506024,57.82828282828283,35.526315789473685,65.88983050847457,49.42857142857143,54.584318176329795,53.976939613054526
2025-05-23,58.208955223880594,56.75675675675676,88.0952380952381,31.818181818181817,41.30434782608695,54.73684210526316,35.87786259541985,27.559055118110237,38.83495145631068,44.71544715447155,22.916666666666668,45.506692160611856,80.64516129032258,53.38345864661654,46.774193548387096,38.028169014084504,45.833333333333336,69.23076923076923,22.54901960784314,32.30769230769231,28.282828282828284,52.63157894736842,63.80597014925373,66.01307189542484,46.15384615384615,28.50877192982456,22.89156626506024,58.333333333333336,22.36842105263158,74.78813559322033,39.714285714285715,46.405632363649175,46.179401993355484
2025-05-22,63.43283582089552,81.08108108108108,95.23809523809524,54.54545454545455,57.971014492753625,70.52631578947368,58.01526717557252,55.90551181102362,54.36893203883495,64.22764227642277,41.964285714285715,60.4206500956023,93.54838709677419,72.93233082706767,71.7741935483871,63.38028169014085,64.58333333333333,85.57692307692308,39.21568627450981,61.53846153846154,48.484848484848484,68.42105263157895,75.74626865671642,76.47058823529412,64.1025641025641,46.92982456140351,46.98795180722892,58.08080808080808,31.57894736842105,73.09322033898304,62.0,63.29492766880452,60.895055696697284
2025-05-21,82.08955223880596,91.89189189189189,92.85714285714286,70.45454545454545,65.94202898550725,87.36842105263158,83.96946564885496,64.56692913385827,74.75728155339806,78.04878048780488,57.73809523809524,75.33460803059273,96.7741935483871,90.22556390977444,83.06451612903226,80.28169014084507,87.5,89.42307692307692,55.88235294117647,77.6923076923077,67.67676767676768,78.94736842105263,88.05970149253731,85.62091503267973,84.61538461538461,58.771929824561404,74.6987951807229,77.52525252525253,51.31578947368421,84.95762711864407,80.85714285714286,78.02932638955352,75.94293531366034
2025-05-20,71.64179104477611,78.37837837837837,90.47619047619048,72.72727272727273,73.91304347826087,91.57894736842105,83.96946564885496,79.5275590551181,77.66990291262135,81.30081300813008,67.26190476190476,84.1300191204589,96.7741935483871,93.23308270676692,83.87096774193549,77.46478873239437,85.41666666666667,91.34615384615384,63.72549019607843,85.38461538461539,79.79797979797979,78.94736842105263,88.80597014925372,86.9281045751634,87.82051282051282,67.98245614035088,81.92771084337349,83.83838383838383,63.1578947368421,84.7457627118644,84.85714285714286,81.24517850630018,80.59409810435803
2025-05-19,73.13432835820896,78.37837837837837,92.85714285714286,79.54545454545455,75.3623188405797,89.47368421052632,70.22900763358778,76.37795275590551,69.90291262135922,65.04065040650407,62.79761904761905,80.68833652007648,90.3225806451613,93.23308270676692,83.87096774193549,74.64788732394366,79.16666666666667,86.53846153846153,62.745098039215684,70.0,61.61616161616162,78.94736842105263,88.43283582089552,85.62091503267973,87.82051282051282,65.35087719298245,75.90361445783132,82.07070707070707,47.36842105263158,74.36440677966101,82.28571428571429,76.9062601738169,76.1969904240766
2025-05-16,79.85074626865672,67.56756756756756,97.61904761904762,75.0,70.28985507246377,90.52631578947368,64.12213740458016,74.80314960629921,55.33980582524272,40.65040650406504,61.904761904761905,82.79158699808795,90.3225806451613,85.71428571428571,77.41935483870968,64.78873239436619,70.83333333333333,80.76923076923077,43.13725490196079,59.23076923076923,47.474747474747474,78.94736842105263,88.43283582089552,78.43137254901961,78.2051282051282,64.25438596491227,67.46987951807229,79.79797979797979,35.526315789473685,75.42372881355932,80.85714285714286,71.20973572903375,72.54250537424272
2025-05-15,81.34328358208955,72.97297297297297,97.61904761904762,77.27272727272727,74.6376811594203,90.52631578947368,68.70229007633588,77.16535433070867,60.19417475728155,47.15447154471545,64.28571428571429,80.87954110898661,96.7741935483871,87.21804511278195,84.6774193548387,67.6056338028169,85.41666666666667,79.8076923076923,43.13725490196079,61.53846153846154,51.515151515151516,73.6842105263158,83.2089552238806,79.08496732026144,80.12820512820512,63.1578947368421,85.5421686746988,77.77777777777777,34.21052631578947,70.12711864406779,81.14285714285714,73.50028305609443,73.03107289427399
2025-05-14,85.82089552238806,72.97297297297297,97.61904761904762,88.63636363636364,84.78260869565217,95.78947368421052,76.33587786259542,91.33858267716535,57.28155339805825,39.83739837398374,86.60714285714286,90.24856596558317,74.19354838709677,91.72932330827068,87.90322580645162,71.83098591549296,89.58333333333333,84.61538461538461,52.94117647058823,80.76923076923077,54.54545454545455,73.6842105263158,94.40298507462687,83.00653594771242,86.53846153846153,79.60526315789474,97.59036144578313,82.57575757575758,40.78947368421053,70.55084745762711,91.42857142857143,79.21143916946542,81.1217510259918
2025-05-13,83.58208955223881,48.648648648648646,97.61904761904762,81.81818181818181,89.85507246376811,95.78947368421052,76.33587786259542,89.76377952755905,46.601941747572816,39.02439024390244,89.88095238095238,92.54302103250478,80.64516129032258,90.97744360902256,73.38709677419355,71.83098591549296,89.58333333333333,84.61538461538461,46.07843137254902,82.3076923076923,54.54545454545455,73.6842105263158,93.28358208955224,84.9673202614379,85.8974358974359,81.57894736842105,83.13253012048193,83.83838383838383,43.421052631578945,73.09322033898304,93.14285714285714,77.46687098580888,81.1217510259918
2025-05-12,86.56716417910448,43.24324324324324,95.23809523809524,88.63636363636364,93.47826086956522,95.78947368421052,74.80916030534351,90.55118110236221,46.601941747572816,43.90243902439025,91.36904761904762,94.26386233269598,70.96774193548387,93.23308270676692,64.51612903225806,76.05633802816901,87.5,83.65384615384616,49.01960784313726,83.07692307692308,51.515151515151516,73.6842105263158,94.77611940298507,84.31372549019608,83.97435897435898,83.99122807017544,83.13253012048193,83.33333333333333,44.73684210526316,68.85593220338983,93.42857142857143,77.36180338480006,81.3171780340043
2025-05-09,82.08955223880596,43.24324324324324,95.23809523809524,81.81818181818181,89.85507246376811,95.78947368421052,82.44274809160305,88.18897637795276,48.54368932038835,45.52845528455285,83.92857142857143,91.01338432122371,74.19354838709677,90.22556390977444,56.45161290322581,70.4225352112676,79.16666666666667,82.6923076923077,52.94117647058823,82.3076923076923,47.474747474747474,73.6842105263158,92.91044776119404,84.9673202614379,80.76923076923077,79.60526315789474,69.87951807228916,80.55555555555556,38.1578947368421,69.49152542372882,88.85714285714286,74.91720656953534,78.63982802423295
2025-05-08,90.29850746268657,43.24324324324324,90.47619047619048,90.9090909090909,90.57971014492753,95.78947368421052,77.09923664122137,90.55118110236221,50.48543689320388,51.21951219512195,93.75,94.26386233269598,70.96774193548387,93.23308270676692,61.29032258064516,76.05633802816901,91.66666666666667,82.6923076923077,70.58823529411765,90.0,66.66666666666667,78.94736842105263,95.14925373134328,86.9281045751634,85.25641025641026,91.00877192982456,87.95180722891567,86.86868686868686,48.68421052631579,78.38983050847457,93.71428571428571,80.47501730375002,84.71760797342192
2025-05-07,94.02985074626865,51.351351351351354,88.0952380952381,90.9090909090909,90.57971014492753,95.78947368421052,80.91603053435115,91.33858267716535,50.48543689320388,46.34146341463415,92.85714285714286,93.11663479923519,74.19354838709677,92.4812030075188,65.3225806451613,76.05633802816901,89.58333333333333,86.53846153846153,73.52941176470588,86.92307692307692,61.61616161616162,84.21052631578948,94.02985074626865,86.9281045751634,83.97435897435898,91.8859649122807,89.1566265060241,87.87878787878788,47.36842105263158,77.33050847457628,90.0,80.80055712214148,84.44401016220442
2025-05-06,90.29850746268657,37.83783783783784,54.76190476190476,81.81818181818181,71.01449275362319,92.63157894736842,74.04580152671755,88.97637795275591,40.77669902912621,39.83739837398374,93.75,90.63097514340345,74.19354838709677,87.96992481203007,54.83870967741935,67.6056338028169,81.25,83.65384615384616,65.68627450980392,86.92307692307692,52.525252525252526,78.94736842105263,92.53731343283582,79.73856209150327,78.84615384615384,91.66666666666667,78.3132530120482,82.57575757575758,44.73684210526316,72.66949152542372,86.28571428571429,74.10784339875327,79.77330467070549
2025-04-30,55.97014925373134,24.324324324324323,61.904761904761905,61.36363636363637,46.3768115942029,78.94736842105263,60.30534351145038,69.29133858267717,33.980582524271846,29.26829268292683,75.29761904761905,75.90822179732314,70.96774193548387,69.92481203007519,34.67741935483871,59.15492957746479,64.58333333333333,70.1923076923077,46.07843137254902,76.92307692307692,39.39393939393939,47.36842105263158,83.2089552238806,65.359477124183,59.61538461538461,74.78070175438596,40.963855421686745,65.65656565656566,31.57894736842105,54.66101694915254,63.42857142857143,57.78891413599709,62.907953879226106
2025-04-29,47.76119402985075,18.91891891891892,90.47619047619048,70.45454545454545,34.05797101449275,62.10526315789474,67.17557251908397,49.60629921259842,33.980582524271846,31.70731707317073,51.48809523809524,64.24474187380497,70.96774193548387,63.909774436090224,41.935483870967744,53.521126760563384,62.5,63.46153846153846,33.333333333333336,55.38461538461539,40.4040404040404,36.8421052631579,72.38805970149254,56.86274509803921,56.41025641025641,57.675438596491226,37.34939759036145,66.41414141414141,28.94736842105263,44.49152542372882,46.57142857142857,51.97892943773228,53.74242720343952
2025-04-28,38.059701492537314,18.91891891891892,97.61904761904762,70.45454545454545,24.63768115942029,42.10526315789474,78.62595419847328,39.37007874015748,28.155339805825243,22.764227642276424,38.095238095238095,46.27151051625239,58.064516129032256,50.37593984962406,42.74193548387097,40.84507042253521,50.0,49.03846153846154,27.45098039215686,36.92307692307692,41.41414141414141,31.57894736842105,52.985074626865675,49.01960784313726,44.23076923076923,42.98245614035088,31.325301204819276,54.54545454545455,27.63157894736842,31.779661016949152,35.142857142857146,43.327527000660616,42.40766073871409
2025-04-25,44.776119402985074,35.13513513513514,90.47619047619048,61.36363636363637,32.608695652173914,56.8421052631579,86.25954198473282,40.94488188976378,35.922330097087375,51.21951219512195,41.666666666666664,54.875717017208416,61.29032258064516,61.65413533834587,48.38709677419355,70.4225352112676,52.083333333333336,58.65384615384615,76.47058823529412,35.38461538461539,63.63636363636363,63.1578947368421,67.53731343283582,65.359477124183,60.256410256410255,43.85964912280702,42.16867469879518,65.65656565656566,51.31578947368421,40.889830508474574,42.57142857142857,54.930529108831976,52.33535274574946
2025-04-24,37.3134328358209,32.432432432432435,90.47619047619048,38.63636363636363,30.434782608695652,48.421052631578945,70.22900763358778,31.496062992125985,42.71844660194175,49.59349593495935,30.654761904761905,45.31548757170172,67.74193548387096,48.87218045112782,41.935483870967744,54.929577464788736,58.333333333333336,46.15384615384615,76.47058823529412,27.692307692307693,64.64646464646465,47.36842105263158,53.35820895522388,61.43790849673203,53.205128205128204,33.55263157894737,25.301204819277107,61.61616161616162,46.05263157894737,43.855932203389834,35.714285714285715,48.25676609073827,45.51495016611295
2025-04-23,41.791044776119406,18.91891891891892,59.523809523809526,29.545454545454547,41.30434782608695,47.36842105263158,54.19847328244275,44.881889763779526,35.922330097087375,53.65853658536585,47.32142857142857,50.478011472275334,58.064516129032256,48.87218045112782,46.774193548387096,61.971830985915496,50.0,50.0,78.43137254901961,37.69230769230769,77.77777777777777,52.63157894736842,62.6865671641791,58.169934640522875,58.333333333333336,46.92982456140351,28.91566265060241,61.86868686868687,52.63157894736842,41.52542372881356,34.0,49.4254656900402,49.28669142075435
2025-04-22,34.32835820895522,13.513513513513514,73.80952380952381,20.454545454545453,36.231884057971016,30.526315789473685,58.778625954198475,29.921259842519685,58.25242718446602,65.85365853658537,33.92857142857143,24.282982791587,58.064516129032256,36.8421052631579,53.225806451612904,61.971830985915496,50.0,57.69230769230769,80.3921568627451,37.69230769230769,84.84848484848484,63.1578947368421,22.388059701492537,55.55555555555556,51.92307692307692,31.57894736842105,30.120481927710845,50.75757575757576,60.526315789473685,45.33898305084746,16.857142857142858,46.0908134246972,40.47293335939027
2025-04-21,26.119402985074625,13.513513513513514,61.904761904761905,18.181818181818183,39.130434782608695,25.263157894736842,54.19847328244275,30.708661417322833,50.48543689320388,65.85365853658537,32.142857142857146,21.606118546845124,58.064516129032256,27.06766917293233,37.096774193548384,39.436619718309856,35.416666666666664,47.11538461538461,75.49019607843137,41.53846153846154,80.8080808080808,42.10526315789474,19.029850746268657,53.59477124183007,35.8974358974359,28.07017543859649,20.481927710843372,42.42424242424242,50.0,36.86440677966102,19.714285714285715,39.65564590689281,35.45045925346883
2025-04-18,14.925373134328359,16.216216216216218,78.57142857142857,2.272727272727273,23.18840579710145,15.789473684210526,38.93129770992366,21.25984251968504,43.689320388349515,68.29268292682927,16.36904761904762,10.707456978967496,41.935483870967744,20.30075187969925,40.32258064516129,30.985915492957748,14.583333333333334,32.69230769230769,68.62745098039215,20.0,69.6969696969697,31.57894736842105,10.447761194029852,25.49019607843137,29.487179487179485,20.394736842105264,13.25301204819277,29.292929292929294,40.78947368421053,22.45762711864407,10.285714285714286,29.768891735821356,24.54563220637092
2025-04-17,16.417910447761194,16.216216216216218,66.66666666666667,2.272727272727273,24.63768115942029,10.526315789473685,40.458015267175576,9.448818897637794,67.96116504854369,76.42276422764228,14.880952380952381,10.898661567877628,58.064516129032256,19.548872180451127,50.0,22.535211267605632,16.666666666666668,45.19230769230769,41.1764705882353,22.307692307692307,73.73737373737374,26.31578947368421,10.447761194029852,32.6797385620915,23.076923076923077,20.833333333333332,8.433734939759036,30.555555555555557,55.26315789473684,23.093220338983052,8.0,30.475361931630836,25.01465702560094
2025-04-16,17.91044776119403,16.216216216216218,66.66666666666667,2.272727272727273,20.28985507246377,9.473684210526315,41.98473282442748,7.874015748031496,70.87378640776699,69.91869918699187,11.011904761904763,8.221797323135755,54.83870967741935,16.541353383458645,50.0,16.901408450704224,14.583333333333334,38.46153846153846,18.627450980392158,21.53846153846154,63.63636363636363,15.789473684210526,7.08955223880597,23.529411764705884,18.58974358974359,19.07894736842105,9.63855421686747,24.747474747474747,47.36842105263158,20.338983050847457,6.0,26.774635955723614,21.555598983779557
2025-04-15,18.65671641791045,13.513513513513514,54.76190476190476,4.545454545454546,26.08695652173913,10.526315789473685,38.93129770992366,8.661417322834646,82.52427184466019,72.35772357723577,10.119047619047619,11.281070745697896,64.51612903225806,18.796992481203006,39.516129032258064,18.309859154929576,8.333333333333334,36.53846153846154,14.705882352941176,22.307692307692307,63.63636363636363,15.789473684210526,10.82089552238806,28.758169934640524,19.871794871794872,17.105263157894736,10.843373493975903,26.767676767676768,50.0,27.33050847457627,6.571428571428571,27.49951992636848,22.98221614227086
2025-04-14,20.895522388059703,10.81081081081081,26.19047619047619,4.545454545454546,32.608695652173914,10.526315789473685,32.82442748091603,7.086614173228346,83.49514563106796,65.85365853658537,8.630952380952381,10.516252390057362,38.70967741935484,15.789473684210526,45.96774193548387,16.901408450704224,16.666666666666668,18.26923076923077,19.607843137254903,16.923076923076923,63.63636363636363,15.789473684210526,8.955223880597014,20.26143790849673,18.58974358974359,18.640350877192983,9.63855421686747,24.242424242424242,48.68421052631579,25.423728813559322,5.714285714285714,24.59339490468697,21.3015438733633
2025-04-11,15.671641791044776,2.7027027027027026,14.285714285714286,2.272727272727273,28.26086956521739,6.315789473684211,19.083969465648856,7.086614173228346,74.75728155339806,48.78048780487805,7.440476190476191,7.074569789674952,25.806451612903224,12.781954887218046,42.74193548387097,14.084507042253522,8.333333333333334,11.538461538461538,15.686274509803921,13.076923076923077,43.43434343434343,5.2631578947368425,4.477611940298507,12.418300653594772,13.461538461538462,16.228070175438596,6.024096385542169,18.434343434343436,39.473684210526315,20.550847457627118,4.0,18.114473535521043,16.29861246824311
2025-04-10,14.17910447761194,5.405405405405405,16.666666666666668,2.272727272727273,23.18840579710145,5.2631578947368425,24.427480916030536,3.1496062992125986,81.55339805825243,61.78861788617886,4.761904761904762,5.162523900573614,29.032258064516128,12.781954887218046,45.16129032258065,21.12676056338028,2.0833333333333335,8.653846153846153,22.54901960784314,15.384615384615385,48.484848484848484,10.526315789473685,3.7313432835820897,11.11111111111111,9.615384615384615,4.605263157894737,7.228915662650603,15.909090909090908,42.10526315789474,17.161016949152543,2.857142857142857,18.642831407482646,14.871995309751808
2025-04-09,9.701492537313433,5.405405405405405,11.904761904761905,2.272727272727273,13.768115942028986,3.1578947368421053,24.427480916030536,3.1496062992125986,71.84466019417475,43.08943089430894,4.166666666666667,4.015296367112811,25.806451612903224,10.526315789473685,42.74193548387097,16.901408450704224,4.166666666666667,3.8461538461538463,16.666666666666668,11.538461538461538,23.232323232323232,10.526315789473685,2.2388059701492535,6.5359477124183005,7.6923076923076925,3.9473684210526314,4.819277108433735,12.121212121212121,28.94736842105263,10.59322033898305,1.7142857142857142,14.24083973268317,11.100254055110415
2025-04-08,8.955223880597014,5.405405405405405,30.952380952380953,0.0,0.0,3.1578947368421053,25.19083969465649,2.3622047244094486,66.01941747572816,27.642276422764226,2.380952380952381,1.9120458891013383,25.806451612903224,8.270676691729323,20.161290322580644,11.267605633802816,4.166666666666667,2.8846153846153846,3.9215686274509802,6.923076923076923,13.131313131313131,5.2631578947368425,1.492537313432836,4.57516339869281,4.487179487179487,1.0964912280701755,3.6144578313253013,9.595959595959595,14.473684210526315,11.228813559322035,1.4285714285714286,10.573158790477207,7.895251123705296
2025-04-07,5.970149253731344,0.0,7.142857142857143,0.0,1.4492753623188406,4.2105263157894735,11.450381679389313,2.3622047244094486,39.80582524271845,11.382113821138212,2.0833333333333335,1.5296367112810707,16.129032258064516,5.2631578947368425,10.483870967741936,7.042253521126761,4.166666666666667,2.8846153846153846,0.9803921568627451,4.615384615384615,5.05050505050505,5.2631578947368425,1.1194029850746268,2.6143790849673203,4.487179487179487,1.5350877192982457,2.4096385542168677,7.070707070707071,11.842105263157896,9.110169491525424,1.4285714285714286,6.157502615551817,5.120187609927692
2025-04-03,14.925373134328359,37.83783783783784,76.19047619047619,11.363636363636363,10.144927536231885,16.842105263157894,70.22900763358778,7.086614173228346,65.04854368932038,43.08943089430894,7.738095238095238,16.634799235181646,48.38709677419355,27.81954887218045,54.83870967741935,33.80281690140845,39.583333333333336,33.65384615384615,25.49019607843137,24.615384615384617,23.232323232323232,21.05263157894737,14.925373134328359,24.18300653594771,24.358974358974358,11.18421052631579,28.91566265060241,30.80808080808081,43.421052631578945,60.59322033898305,11.714285714285714,30.958406487288904,27.183896814539768
2025-04-02,22.388059701492537,48.648648648648646,78.57142857142857,11.363636363636363,12.318840579710145,33.68421052631579,59.541984732824424,9.448818897637794,45.63106796116505,30.08130081300813,8.035714285714286,22.562141491395792,41.935483870967744,28.571428571428573,46.774193548387096,29.577464788732396,33.333333333333336,44.23076923076923,14.705882352941176,23.846153846153847,16.161616161616163,21.05263157894737,20.52238805970149,31.372549019607842,21.153846153846153,16.00877192982456,21.686746987951807,37.878787878787875,31.57894736842105,63.983050847457626,18.857142857142858,30.50022712770954,28.962282587453586
2025-04-01,26.865671641791046,48.648648648648646,59.523809523809526,20.454545454545453,18.840579710144926,24.210526315789473,73.2824427480916,9.448818897637794,41.74757281553398,33.333333333333336,6.25,20.650095602294456,38.70967741935484,36.090225563909776,46.774193548387096,32.394366197183096,47.916666666666664,33.65384615384615,19.607843137254903,20.76923076923077,14.141414141414142,21.05263157894737,17.16417910447761,24.18300653594771,22.435897435897434,16.885964912280702,18.072289156626507,37.878787878787875,25.0,67.58474576271186,16.571428571428573,30.327175458902367,28.903654485049834
2025-03-31,20.149253731343283,29.72972972972973,69.04761904761905,6.818181818181818,11.594202898550725,28.42105263157895,45.038167938931295,8.661417322834646,24.271844660194176,25.203252032520325,6.845238095238095,16.44359464627151,38.70967741935484,22.55639097744361,31.451612903225808,18.309859154929576,27.083333333333332,14.423076923076923,13.72549019607843,20.76923076923077,11.11111111111111,15.789473684210526,21.64179104477612,16.99346405228758,16.666666666666668,14.473684210526315,13.25301204819277,22.727272727272727,21.05263157894737,30.720338983050848,12.571428571428571,21.814616158327016,19.699042407660738
2025-03-28,35.82089552238806,59.45945945945946,66.66666666666667,22.727272727272727,17.391304347826086,37.89473684210526,52.67175572519084,7.086614173228346,37.86407766990291,36.58536585365854,5.654761904761905,22.179732313575524,32.25806451612903,36.090225563909776,45.96774193548387,29.577464788732396,45.833333333333336,31.73076923076923,25.49019607843137,23.076923076923077,17.171717171717173,21.05263157894737,26.865671641791046,30.065359477124183,22.435897435897434,13.596491228070175,38.55421686746988,40.15151515151515,36.8421052631579,48.30508474576271,20.857142857142858,31.868554682204653,28.708227477037326
2025-03-27,45.52238805970149,94.5945945945946,88.0952380952381,45.45454545454545,24.63768115942029,42.10526315789474,75.57251908396947,11.811023622047244,57.28155339805825,56.09756097560975,6.845238095238095,33.07839388145315,54.83870967741935,51.12781954887218,66.93548387096774,50.70422535211268,68.75,54.80769230769231,31.372549019607842,20.76923076923077,30.303030303030305,52.63157894736842,32.83582089552239,39.869281045751634,32.69230769230769,18.20175438596491,36.144578313253014,71.21212121212122,55.26315789473684,55.720338983050844,28.857142857142858,46.26234911786851,40.25796365057651
2025-03-26,55.97014925373134,94.5945945945946,85.71428571428571,72.72727272727273,34.78260869565217,44.21052631578947,86.25954198473282,12.598425196850394,67.96116504854369,48.78048780487805,7.440476190476191,42.829827915869984,48.38709677419355,60.902255639097746,75.80645161290323,61.971830985915496,70.83333333333333,52.88461538461539,40.19607843137255,22.307692307692307,27.272727272727273,57.89473684210526,47.014925373134325,37.908496732026144,44.87179487179487,13.37719298245614,24.096385542168676,66.41414141414141,63.1578947368421,42.79661016949152,45.142857142857146,50.22924125779179,43.267539573969124
2025-03-25,57.46268656716418,94.5945945945946,95.23809523809524,72.72727272727273,31.159420289855074,34.73684210526316,84.73282442748092,12.598425196850394,57.28155339805825,48.78048780487805,6.845238095238095,34.22562141491396,48.38709677419355,52.63157894736842,65.3225806451613,42.25352112676056,60.416666666666664,39.42307692307692,22.54901960784314,17.692307692307693,16.161616161616163,36.8421052631579,31.71641791044776,31.372549019607842,39.743589743589745,10.526315789473685,22.89156626506024,52.27272727272727,60.526315789473685,34.95762711864407,34.285714285714285,43.559853382663086,36.036740277506354
2025-03-24,57.46268656716418,91.89189189189189,90.47619047619048,75.0,30.434782608695652,40.0,81.6793893129771,19.68503937007874,46.601941747572816,51.21951219512195,10.714285714285714,35.94646271510516,61.29032258064516,51.12781954887218,60.483870967741936,47.88732394366197,52.083333333333336,43.26923076923077,20.58823529411765,22.307692307692307,18.181818181818183,31.57894736842105,40.298507462686565,33.333333333333336,35.8974358974359,13.81578947368421,21.686746987951807,40.15151515151515,64.47368421052632,32.20338983050848,36.285714285714285,43.80828688799917,36.21262458471761
2025-03-21,59.701492537313435,94.5945945945946,76.19047619047619,77.27272727272727,63.04347826086956,55.78947368421053,87.02290076335878,25.19685039370079,65.04854368932038,60.97560975609756,20.535714285714285,57.170172084130016,74.19354838709677,75.93984962406014,70.96774193548387,74.64788732394366,77.08333333333333,75.96153846153847,46.07843137254902,23.076923076923077,32.323232323232325,68.42105263157895,64.17910447761194,56.209150326797385,62.82051282051282,17.105263157894736,31.325301204819276,54.54545454545455,71.05263157894737,46.82203389830509,51.42857142857143,58.60398694906991,51.04553449286691
2025-03-20,79.1044776119403,97.29729729729729,95.23809523809524,75.0,74.6376811594203,76.84210526315789,90.83969465648855,40.94488188976378,77.66990291262135,81.30081300813008,31.845238095238095,74.95219885277247,80.64516129032258,82.70676691729324,79.03225806451613,85.91549295774648,83.33333333333333,84.61538461538461,56.86274509803921,30.76923076923077,63.63636363636363,73.6842105263158,83.95522388059702,78.43137254901961,69.87179487179488,42.98245614035088,68.67469879518072,73.23232323232324,75.0,67.16101694915254,64.0,72.26394256812549,67.14871995309751
2025-03-19,83.58208955223881,91.89189189189189,95.23809523809524,68.18181818181819,73.18840579710145,81.05263157894737,91.6030534351145,42.51968503937008,77.66990291262135,86.99186991869918,39.88095238095238,74.18738049713193,87.09677419354838,87.21804511278195,85.48387096774194,83.09859154929578,79.16666666666667,84.61538461538461,56.86274509803921,41.53846153846154,69.6969696969697,73.6842105263158,84.70149253731343,77.77777777777777,71.15384615384616,46.92982456140351,85.5421686746988,79.04040404040404,81.57894736842105,76.27118644067797,72.0,75.14339174012035,71.09634551495017
2025-03-18,89.55223880597015,94.5945945945946,76.19047619047619,84.0909090909091,86.23188405797102,87.36842105263158,87.02290076335878,61.41732283464567,80.58252427184466,90.2439024390244,49.70238095238095,78.96749521988528,93.54838709677419,89.47368421052632,82.25806451612904,90.14084507042253,89.58333333333333,88.46153846153847,65.68627450980392,57.69230769230769,82.82828282828282,84.21052631578948,83.95522388059702,84.31372549019608,78.2051282051282,61.18421052631579,84.33734939759036,84.0909090909091,85.52631578947368,79.44915254237289,78.85714285714286,80.96024038994601,77.3500097713504
2025-03-17,91.04477611940298,100.0,80.95238095238095,90.9090909090909,89.85507246376811,87.36842105263158,90.83969465648855,57.48031496062992,82.52427184466019,95.1219512195122,49.404761904761905,73.04015296367113,93.54838709677419,89.47368421052632,79.03225806451613,90.14084507042253,85.41666666666667,89.42307692307692,69.6078431372549,58.46153846153846,82.82828282828282,84.21052631578948,79.85074626865672,83.66013071895425,76.92307692307692,59.21052631578947,84.33734939759036,81.31313131313131,85.52631578947368,75.42372881355932,71.71428571428571,80.92397706697952,75.63025210084034
2025-03-14,85.07462686567165,100.0,71.42857142857143,97.72727272727273,92.02898550724638,78.94736842105263,86.25954198473282,53.54330708661417,81.55339805825243,95.1219512195122,50.0,70.93690248565966,96.7741935483871,83.45864661654136,72.58064516129032,81.69014084507042,81.25,85.57692307692308,51.96078431372549,52.30769230769231,79.79797979797979,73.6842105263158,74.6268656716418,75.81699346405229,69.87179487179488,52.19298245614035,90.36144578313252,77.27272727272727,80.26315789473684,72.03389830508475,71.42857142857143,76.95392190730303,71.87805354700019
2025-03-13,79.85074626865672,100.0,45.23809523809524,84.0909090909091,88.40579710144928,62.10526315789474,77.86259541984732,44.09448818897638,66.01941747572816,57.72357723577236,37.79761904761905,58.31739961759082,83.87096774193549,73.6842105263158,48.38709677419355,61.971830985915496,50.0,65.38461538461539,29.41176470588235,31.53846153846154,52.525252525252526,47.36842105263158,58.95522388059702,52.94117647058823,48.717948717948715,39.25438596491228,21.686746987951807,63.63636363636363,64.47368421052632,40.889830508474574,59.142857142857146,57.91441118057944,54.309165526675784
2025-03-12,89.55223880597015,59.45945945945946,26.19047619047619,81.81818181818181,92.7536231884058,77.89473684210526,68.70229007633588,61.41732283464567,67.96116504854369,64.22764227642277,57.73809523809524,82.02676864244742,83.87096774193549,84.9624060150376,59.67741935483871,70.4225352112676,56.25,73.07692307692308,34.31372549019608,43.07692307692308,59.5959595959596,63.1578947368421,77.98507462686567,64.70588235294117,63.46153846153846,63.1578947368421,22.89156626506024,74.24242424242425,73.6842105263158,49.57627118644068,76.85714285714286,65.31318580569625,67.03146374829001
2025-03-11,86.56716417910448,67.56756756756756,28.571428571428573,86.36363636363636,94.92753623188406,72.63157894736842,47.32824427480916,51.181102362204726,67.96116504854369,71.54471544715447,51.19047619047619,79.1586998087954,90.3225806451613,78.94736842105263,51.61290322580645,74.64788732394366,47.916666666666664,70.1923076923077,42.15686274509804,29.23076923076923,54.54545454545455,52.63157894736842,72.38805970149254,59.47712418300654,55.12820512820513,55.921052631578945,19.27710843373494,73.48484848484848,72.36842105263158,55.08474576271186,74.85714285714286,62.42530331199853,63.8264608168849
2025-03-10,88.80597014925372,45.945945945945944,21.428571428571427,84.0909090909091,90.57971014492753,73.6842105263158,36.6412213740458,53.54330708661417,53.398058252427184,48.78048780487805,52.38095238095238,80.87954110898661,70.96774193548387,75.93984962406014,45.16129032258065,69.01408450704226,43.75,63.46153846153846,32.35294117647059,23.846153846153847,39.39393939393939,47.36842105263158,74.6268656716418,60.130718954248366,56.41025641025641,56.578947368421055,20.481927710843372,71.46464646464646,68.42105263157895,60.59322033898305,73.14285714285714,57.524688332490484,61.93081883916357
2025-03-07,86.56716417910448,16.216216216216218,26.19047619047619,86.36363636363636,86.95652173913044,65.26315789473684,24.427480916030536,59.05511811023622,38.83495145631068,42.27642276422764,67.55952380952381,77.82026768642447,67.74193548387096,66.9172932330827,37.096774193548384,60.563380281690144,33.333333333333336,51.92307692307692,30.392156862745097,28.46153846153846,39.39393939393939,31.57894736842105,74.25373134328358,50.326797385620914,48.717948717948715,55.921052631578945,16.867469879518072,64.14141414141415,61.8421052631579,41.73728813559322,67.71428571428571,51.82114213140972,57.2014852452609
2025-03-06,81.34328358208955,10.81081081081081,33.333333333333336,75.0,84.78260869565217,70.52631578947368,39.69465648854962,70.86614173228347,41.74757281553398,50.40650406504065,80.05952380952381,82.60038240917783,80.64516129032258,74.43609022556392,43.54838709677419,64.78873239436619,31.25,60.57692307692308,57.84313725490196,34.61538461538461,53.535353535353536,52.63157894736842,72.76119402985074,58.169934640522875,58.97435897435897,69.95614035087719,61.44578313253012,68.43434343434343,73.6842105263158,58.47457627118644,80.28571428571429,60.55574637464926,66.32792651944499
2025-03-05,62.6865671641791,8.108108108108109,52.38095238095238,77.27272727272727,84.05797101449275,58.94736842105263,28.244274809160306,59.05511811023622,35.922330097087375,39.83739837398374,48.80952380952381,73.80497131931166,74.19354838709677,50.37593984962406,37.096774193548384,45.070422535211264,27.083333333333332,50.0,38.23529411764706,12.307692307692308,36.36363636363637,36.8421052631579,63.80597014925373,43.13725490196079,44.87179487179487,56.35964912280702,20.481927710843372,60.101010101010104,51.31578947368421,43.220338983050844,69.14285714285714,48.03653708674275,52.76529216337698
2025-03-04,61.19402985074627,13.513513513513514,21.428571428571427,75.0,83.33333333333333,67.36842105263158,36.6412213740458,39.37007874015748,58.25242718446602,51.21951219512195,49.404761904761905,72.46653919694073,80.64516129032258,69.92481203007519,38.70967741935484,59.15492957746479,39.583333333333336,62.5,49.01960784313726,11.538461538461538,35.35353535353536,42.10526315789474,62.3134328358209,54.248366013071895,57.69230769230769,55.70175438596491,20.481927710843372,67.92929292929293,63.1578947368421,61.016949152542374,75.42857142857143,52.76444155493958,57.74868086769592
2025-03-03,52.23880597014925,24.324324324324323,19.047619047619047,70.45454545454545,36.95652173913044,57.89473684210526,25.19083969465649,32.28346456692913,27.184466019417474,57.72357723577236,32.44047619047619,53.154875717017205,77.41935483870968,53.38345864661654,31.451612903225808,46.478873239436616,37.5,54.80769230769231,56.86274509803921,11.538461538461538,38.38383838383838,52.63157894736842,47.014925373134325,45.09803921568628,49.35897435897436,38.1578947368421,15.662650602409638,62.878787878787875,53.94736842105263,47.88135593220339,70.0,44.49522145885877,46.29665819816299
2025-02-28,35.07462686567164,16.216216216216218,16.666666666666668,56.81818181818182,31.884057971014492,57.89473684210526,32.06106870229008,33.85826771653543,26.21359223300971,69.10569105691057,31.25,52.96367112810707,64.51612903225806,47.36842105263158,33.064516129032256,40.84507042253521,35.416666666666664,50.0,51.96078431372549,12.307692307692308,34.343434343434346,47.36842105263158,47.38805970149254,38.56209150326797,49.35897435897436,39.03508771929825,16.867469879518072,50.75757575757576,53.94736842105263,38.983050847457626,66.85714285714286,41.25660430913215,43.28708227477037
2025-02-27,59.701492537313435,27.027027027027028,28.571428571428573,88.63636363636364,84.78260869565217,90.52631578947368,53.43511450381679,77.16535433070867,62.13592233009709,84.55284552845528,84.52380952380952,88.52772466539197,80.64516129032258,90.22556390977444,52.41935483870968,77.46478873239437,58.333333333333336,78.84615384615384,81.37254901960785,42.30769230769231,72.72727272727273,78.94736842105263,85.82089552238806,67.97385620915033,75.0,87.06140350877193,74.6987951807229,75.25252525252525,78.94736842105263,72.88135593220339,88.85714285714286,72.56027704676804,77.2327535665429
2025-02-26,65.67164179104478,40.54054054054054,16.666666666666668,93.18181818181819,89.1304347826087,87.36842105263158,61.83206106870229,88.97637795275591,51.45631067961165,58.53658536585366,94.94047619047619,90.63097514340345,67.74193548387096,92.4812030075188,45.16129032258065,74.64788732394366,50.0,65.38461538461539,77.45098039215686,56.15384615384615,57.57575757575758,84.21052631578948,86.94029850746269,59.47712418300654,81.41025641025641,92.10526315789474,85.5421686746988,79.04040404040404,71.05263157894737,70.12711864406779,92.0,71.85276182493327,78.22943130740668
2025-02-25,57.46268656716418,16.216216216216218,9.523809523809524,50.0,87.68115942028986,74.73684210526316,42.74809160305343,88.97637795275591,40.77669902912621,36.58536585365854,94.04761904761905,87.5717017208413,54.83870967741935,87.21804511278195,37.096774193548384,60.563380281690144,39.583333333333336,56.73076923076923,53.92156862745098,60.0,47.474747474747474,78.94736842105263,84.32835820895522,46.40522875816993,71.7948717948718,89.69298245614036,37.34939759036145,67.17171717171718,61.8421052631579,62.28813559322034,85.14285714285714,60.28119094748522,70.00195427008012
2025-02-24,68.65671641791045,27.027027027027028,26.19047619047619,63.63636363636363,86.95652173913044,83.15789473684211,60.30534351145038,92.91338582677166,71.84466019417475,57.72357723577236,96.42857142857143,90.24856596558317,67.74193548387096,90.97744360902256,48.38709677419355,73.2394366197183,45.833333333333336,67.3076923076923,66.66666666666667,73.84615384615384,47.474747474747474,73.6842105263158,83.95522388059702,55.55555555555556,82.6923076923077,91.2280701754386,83.13253012048193,77.27272727272727,77.63157894736842,72.45762711864407,84.28571428571429,70.59545663227816,77.72132108657416
2025-02-21,61.19402985074627,18.91891891891892,40.476190476190474,54.54545454545455,88.40579710144928,77.89473684210526,51.908396946564885,96.06299212598425,52.42718446601942,45.52845528455285,97.32142857142857,90.24856596558317,64.51612903225806,78.19548872180451,39.516129032258064,52.11267605633803,45.833333333333336,57.69230769230769,46.07843137254902,82.3076923076923,52.525252525252526,63.1578947368421,83.2089552238806,56.86274509803921,70.51282051282051,93.64035087719299,89.1566265060241,72.72727272727273,71.05263157894737,76.48305084745763,82.57142857142857,66.22849573705476,75.23939808481532
2025-02-20,62.6865671641791,21.62162162162162,59.523809523809526,61.36363636363637,86.23188405797102,81.05263157894737,59.541984732824424,88.97637795275591,61.16504854368932,49.59349593495935,95.53571428571429,89.8661567877629,64.51612903225806,78.19548872180451,43.54838709677419,63.38028169014085,52.083333333333336,69.23076923076923,54.90196078431372,74.61538461538461,49.494949494949495,68.42105263157895,84.70149253731343,65.359477124183,77.56410256410257,88.15789473684211,60.24096385542169,75.0,72.36842105263158,77.11864406779661,80.28571428571429,68.26914114203818,75.84522180965409
2025-02-19,56.71641791044776,13.513513513513514,73.80952380952381,47.72727272727273,77.53623188405797,72.63157894736842,62.595419847328245,88.18897637795276,58.25242718446602,39.83739837398374,96.13095238095238,87.38049713193116,45.16129032258065,78.19548872180451,48.38709677419355,57.74647887323944,52.083333333333336,53.84615384615385,63.72549019607843,79.23076923076923,37.37373737373738,63.1578947368421,85.44776119402985,58.169934640522875,80.76923076923077,84.64912280701755,75.90361445783132,68.43434343434343,60.526315789473685,70.12711864406779,80.85714285714286,65.10040413197392,72.99198749267148
2025-02-18,33.582089552238806,10.81081081081081,83.33333333333333,50.0,47.10144927536232,54.73684210526316,59.541984732824424,77.95275590551181,47.57281553398058,24.390243902439025,91.36904761904762,64.81835564053537,32.25806451612903,60.902255639097746,40.32258064516129,47.88732394366197,37.5,43.26923076923077,47.05882352941177,71.53846153846153,33.333333333333336,47.36842105263158,66.04477611940298,46.40522875816993,69.87179487179488,57.45614035087719,53.01204819277108,49.24242424242424,52.63157894736842,62.07627118644068,68.0,52.62543503379727,58.17862028532343
2025-02-17,54.47761194029851,43.24324324324324,69.04761904761905,70.45454545454545,80.43478260869566,83.15789473684211,84.73282442748092,95.2755905511811,80.58252427184466,60.97560975609756,97.91666666666667,85.27724665391969,77.41935483870968,87.96992481203007,65.3225806451613,71.83098591549296,68.75,77.88461538461539,81.37254901960785,96.92307692307692,68.68686868686869,78.94736842105263,88.80597014925372,80.3921568627451,86.53846153846153,86.84210526315789,95.18072289156626,77.77777777777777,82.89473684210526,86.01694915254237,81.14285714285714,78.91210392340379,82.45065468047684
2025-02-14,72.38805970149254,45.945945945945944,78.57142857142857,84.0909090909091,81.8840579710145,77.89473684210526,73.2824427480916,88.18897637795276,78.64077669902913,58.53658536585366,97.32142857142857,77.43785850860421,80.64516129032258,83.45864661654136,62.096774193548384,76.05633802816901,60.416666666666664,76.92307692307692,78.43137254901961,96.15384615384616,63.63636363636363,68.42105263157895,88.43283582089552,73.20261437908496,83.33333333333333,82.23684210526316,96.3855421686747,77.52525252525253,84.21052631578948,88.13559322033899,74.85714285714286,77.70136089705693,80.30095759233926
2025-02-13,73.88059701492537,56.75675675675676,83.33333333333333,84.0909090909091,85.5072463768116,82.10526315789474,80.91603053435115,89.76377952755905,83.49514563106796,70.73170731707317,97.32142857142857,83.36520076481835,80.64516129032258,84.9624060150376,70.16129032258064,84.50704225352112,66.66666666666667,81.73076923076923,85.29411764705883,97.6923076923077,75.75757575757575,78.94736842105263,90.67164179104478,82.3529411764706,87.82051282051282,88.8157894736842,96.3855421686747,84.34343434343434,88.15789473684211,83.26271186440678,78.57142857142857,82.51658065549421,84.34629665819816
2025-02-12,88.80597014925372,54.054054054054056,85.71428571428571,93.18181818181819,91.30434782608695,83.15789473684211,84.73282442748092,92.1259842519685,77.66990291262135,57.72357723577236,97.91666666666667,92.54302103250478,77.41935483870968,89.47368421052632,70.16129032258064,85.91549295774648,77.08333333333333,81.73076923076923,84.31372549019608,96.92307692307692,80.8080808080808,78.94736842105263,94.77611940298507,88.23529411764706,88.46153846153847,95.6140350877193,96.3855421686747,90.9090909090909,88.15789473684211,87.5,87.14285714285714,85.12544825008978,88.46980652726207
2025-02-11,92.53731343283582,54.054054054054056,83.33333333333333,93.18181818181819,89.1304347826087,81.05263157894737,80.91603053435115,90.55118110236221,79.6116504854369,58.53658536585366,97.02380952380952,90.05736137667304,74.19354838709677,89.47368421052632,76.61290322580645,84.50704225352112,79.16666666666667,82.6923076923077,70.58823529411765,95.38461538461539,76.76767676767676,78.94736842105263,95.14925373134328,86.9281045751634,87.17948717948718,94.07894736842105,95.18072289156626,88.88888888888889,88.15789473684211,87.5,80.28571428571429,83.92481502299671,86.96501856556576
2025-02-10,91.7910447761194,59.45945945945946,59.523809523809526,93.18181818181819,94.20289855072464,82.10526315789474,83.20610687022901,88.97637795275591,89.32038834951456,65.85365853658537,98.51190476190476,92.54302103250478,80.64516129032258,89.47368421052632,74.19354838709677,87.32394366197182,81.25,74.03846153846153,84.31372549019608,96.15384615384616,78.78787878787878,78.94736842105263,96.64179104477611,86.27450980392157,89.1025641025641,94.73684210526316,97.59036144578313,88.63636363636364,93.42105263157895,92.16101694915254,86.0,85.43122163916372,88.99745944889584
2025-02-07,94.02985074626865,59.45945945945946,66.66666666666667,93.18181818181819,90.57971014492753,78.94736842105263,82.44274809160305,88.18897637795276,87.37864077669903,45.52845528455285,97.32142857142857,90.82217973231357,67.74193548387096,87.96992481203007,75.0,78.87323943661971,77.08333333333333,70.1923076923077,67.6470588235294,90.76923076923077,55.55555555555556,73.6842105263158,96.26865671641791,83.66013071895425,85.25641025641026,94.29824561403508,96.3855421686747,87.12121212121212,73.6842105263158,85.38135593220339,85.42857142857143,80.85640110872038,85.49931600547195
2025-02-06,91.7910447761194,32.432432432432435,76.19047619047619,81.81818181818181,87.68115942028986,77.89473684210526,74.04580152671755,85.03937007874016,72.81553398058253,25.203252032520325,95.53571428571429,87.38049713193116,54.83870967741935,74.43609022556392,64.51612903225806,69.01408450704226,56.25,61.53846153846154,44.11764705882353,87.6923076923077,42.42424242424242,68.42105263157895,92.91044776119404,73.85620915032679,75.0,92.54385964912281,87.95180722891567,80.55555555555556,71.05263157894737,76.69491525423729,73.71428571428571,72.10827861922884,78.32714481141294
2025-02-05,76.11940298507463,24.324324324324323,73.80952380952381,63.63636363636363,56.52173913043478,55.78947368421053,50.38167938931298,70.07874015748031,64.07766990291262,15.447154471544716,89.28571428571429,74.76099426386233,41.935483870967744,62.40601503759399,47.58064516129032,52.11267605633803,50.0,53.84615384615385,25.49019607843137,81.53846153846153,30.303030303030305,52.63157894736842,79.1044776119403,59.47712418300654,60.256410256410255,73.24561403508773,40.963855421686745,68.68686868686869,60.526315789473685,61.652542372881356,50.857142857142854,56.99507651919008,63.12292358803987
2025-01-27,64.17910447761194,32.432432432432435,95.23809523809524,68.18181818181819,32.608695652173914,53.68421052631579,57.25190839694657,57.48031496062992,61.16504854368932,24.390243902439025,67.85714285714286,65.39196940726578,54.83870967741935,59.3984962406015,54.03225806451613,56.33802816901409,43.75,48.07692307692308,22.54901960784314,71.53846153846153,27.272727272727273,31.57894736842105,67.91044776119404,60.130718954248366,44.87179487179487,54.824561403508774,28.91566265060241,66.41414141414141,52.63157894736842,45.97457627118644,40.57142857142857,51.983208594772954,54.32870822747704
2025-01-24,75.3731343283582,16.216216216216218,71.42857142857143,50.0,44.20289855072464,55.78947368421053,25.954198473282442,75.59055118110236,40.77669902912621,18.69918699186992,80.05952380952381,76.48183556405354,41.935483870967744,50.37593984962406,37.096774193548384,45.070422535211264,29.166666666666668,44.23076923076923,22.54901960784314,71.53846153846153,31.31313131313131,36.8421052631579,77.61194029850746,58.169934640522875,37.17948717948718,74.34210526315789,63.855421686746986,63.13131313131313,56.578947368421055,37.71186440677966,59.142857142857146,50.59403014336174,57.435997654875905
2025-01-23,63.43283582089552,8.108108108108109,59.523809523809526,22.727272727272727,28.26086956521739,46.31578947368421,22.900763358778626,60.62992125984252,32.03883495145631,16.260162601626018,47.32142857142857,67.11281070745697,38.70967741935484,37.59398496240601,32.25806451612903,33.80281690140845,27.083333333333332,28.846153846153847,15.686274509803921,43.84615384615385,24.242424242424242,42.10526315789474,59.701492537313435,45.751633986928105,23.076923076923077,54.60526315789474,38.55421686746988,51.515151515151516,28.94736842105263,28.60169491525424,42.0,37.79227412524602,43.169826069962866
2025-01-22,64.92537313432835,5.405405405405405,14.285714285714286,25.0,28.985507246376812,46.31578947368421,22.137404580152673,58.267716535433074,29.12621359223301,17.88617886178862,42.55952380952381,63.09751434034417,35.483870967741936,30.827067669172934,25.806451612903224,29.577464788732396,27.083333333333332,25.96153846153846,11.764705882352942,30.0,29.292929292929294,31.57894736842105,62.3134328358209,40.52287581699346,23.71794871794872,59.42982456140351,13.25301204819277,49.494949494949495,22.36842105263158,26.483050847457626,45.714285714285715,33.505369410703025,41.03967168262654
2025-01-21,70.14925373134328,10.81081081081081,38.095238095238095,22.727272727272727,30.434782608695652,58.94736842105263,22.137404580152673,59.84251968503937,35.922330097087375,30.89430894308943,44.642857142857146,70.17208413001912,54.83870967741935,41.35338345864662,37.903225806451616,38.028169014084504,39.583333333333336,37.5,41.1764705882353,51.53846153846154,42.42424242424242,47.36842105263158,73.88059701492537,53.59477124183007,30.128205128205128,64.91228070175438,9.63855421686747,58.83838383838384,40.78947368421053,30.93220338983051,49.714285714285715,43.190948477305085,48.87629470392808
2025-01-20,79.85074626865672,13.513513513513514,40.476190476190474,34.09090909090909,32.608695652173914,61.05263157894737,24.427480916030536,51.968503937007874,51.45631067961165,34.146341463414636,39.583333333333336,68.83365200764818,48.38709677419355,50.37593984962406,36.29032258064516,45.070422535211264,56.25,55.76923076923077,41.1764705882353,41.53846153846154,42.42424242424242,57.89473684210526,70.14925373134328,56.209150326797385,34.61538461538461,55.04385964912281,15.662650602409638,62.878787878787875,53.94736842105263,37.07627118644068,52.57142857142857,46.62385121942434,50.22474105921438
2025-01-17,73.13432835820896,16.216216216216218,38.095238095238095,25.0,23.91304347826087,35.78947368421053,13.740458015267176,33.07086614173228,37.86407766990291,22.764227642276424,21.726190476190474,53.154875717017205,38.70967741935484,27.06766917293233,23.387096774193548,32.394366197183096,52.083333333333336,26.923076923076923,21.568627450980394,23.076923076923077,31.31313131313131,36.8421052631579,53.35820895522388,39.21568627450981,24.358974358974358,40.57017543859649,8.433734939759036,46.21212121212121,28.94736842105263,19.703389830508474,31.142857142857142,32.250887709431964,34.41469611100254
2025-01-16,67.16417910447761,18.91891891891892,45.23809523809524,27.272727272727273,15.942028985507246,43.1578947368421,9.16030534351145,33.85826771653543,33.00970873786408,13.821138211382113,21.428571428571427,48.75717017208413,35.483870967741936,22.55639097744361,19.35483870967742,22.535211267605632,52.083333333333336,34.61538461538461,17.647058823529413,23.846153846153847,32.323232323232325,31.57894736842105,50.74626865671642,37.908496732026144,21.153846153846153,26.096491228070175,8.433734939759036,32.57575757575758,27.63157894736842,14.40677966101695,28.857142857142858,29.59882338228206,29.822161422708618
2025-01-15,52.23880597014925,8.108108108108109,26.19047619047619,15.909090909090908,16.666666666666668,26.31578947368421,6.106870229007634,20.47244094488189,21.359223300970875,14.634146341463415,16.964285714285715,42.25621414913958,19.35483870967742,16.541353383458645,16.93548387096774,18.309859154929576,33.333333333333336,21.153846153846153,14.705882352941176,21.53846153846154,23.232323232323232,21.05263157894737,44.40298507462686,29.41176470588235,14.102564102564102,26.535087719298247,7.228915662650603,25.0,13.157894736842104,11.016949152542374,25.714285714285715,21.611308973403318,23.939808481532147
2025-01-14,54.47761194029851,8.108108108108109,21.428571428571427,15.909090909090908,17.391304347826086,25.263157894736842,7.633587786259542,19.68503937007874,19.41747572815534,13.008130081300813,17.857142857142858,43.40344168260038,25.806451612903224,15.037593984962406,16.93548387096774,12.67605633802817,31.25,12.5,12.745098039215685,6.923076923076923,20.2020202020202,15.789473684210526,42.91044776119403,23.529411764705884,14.743589743589743,28.50877192982456,2.4096385542168677,27.77777777777778,6.578947368421052,13.559322033898304,25.428571428571427,19.96433532747594,23.529411764705884
2025-01-13,35.07462686567164,5.405405405405405,9.523809523809524,9.090909090909092,6.521739130434782,11.578947368421053,2.2900763358778624,11.811023622047244,6.796116504854369,7.317073170731708,5.9523809523809526,13.38432122370937,6.451612903225806,3.7593984962406015,4.838709677419355,7.042253521126761,12.5,4.8076923076923075,5.882352941176471,0.7692307692307693,6.0606060606060606,15.789473684210526,15.671641791044776,9.15032679738562,7.051282051282051,12.719298245614034,1.2048192771084338,12.373737373737374,2.6315789473684212,4.661016949152542,9.714285714285714,8.63954021619873,9.360953683799101
2025-01-10,26.119402985074625,5.405405405405405,33.333333333333336,4.545454545454546,5.072463768115942,16.842105263157894,3.053435114503817,9.448818897637794,5.825242718446602,6.504065040650406,5.654761904761905,14.149139579349905,12.903225806451612,3.007518796992481,8.064516129032258,5.633802816901408,4.166666666666667,6.730769230769231,4.901960784313726,1.5384615384615385,8.080808080808081,15.789473684210526,14.925373134328359,7.189542483660131,8.333333333333334,14.473684210526315,1.2048192771084338,11.868686868686869,3.9473684210526314,2.7542372881355934,11.714285714285714,9.134908478116683,9.439124487004104
