date,keyword,count,llt_diff,thres
2022-01-25,股市,18593.0,11503.0,1
2022-01-27,股市,20242.0,11339.28,1
2022-02-24,股市,38131.0,25595.96,1
2022-03-08,股市,30976.0,15544.89,1
2022-03-09,股市,46451.0,28578.43,3
2022-03-15,股市,62423.0,38593.12,3
2022-03-16,股市,55323.0,27715.92,3
2022-04-25,股市,88393.0,66112.7,3
2022-04-26,股市,82584.0,53921.79,3
2022-04-27,股市,58387.0,25304.59,3
2022-08-02,股市,45830.0,35025.41,3
2022-08-03,股市,37553.0,23807.15,1
2022-10-10,股市,22883.0,10621.86,1
2022-10-24,股市,42010.0,26936.32,1
2022-10-25,股市,43758.0,25878.84,1
2023-03-23,股市,30773.0,18896.89,1
2023-08-28,股市,67527.0,49745.67,3
2023-08-29,股市,34164.0,12938.4,1
2023-10-20,股市,32574.0,18289.51,1
2023-10-23,股市,36570.0,20267.92,1
2023-10-24,股市,31545.0,13427.18,1
2024-01-17,股市,31972.0,14072.22,1
2024-01-18,股市,68690.0,47493.67,3
2024-01-19,股市,35651.0,11225.05,1
2024-01-22,股市,58618.0,31705.26,3
2024-01-23,股市,59923.0,29516.94,3
2024-01-24,股市,46446.0,13416.06,3
2024-01-31,股市,45374.0,8923.4,2
2024-02-02,股市,73373.0,33427.77,3
2024-02-05,股市,122994.0,76782.81,3
2024-02-06,股市,77168.0,24984.48,3
2024-02-07,股市,48284.0,-5720.49,2
2024-04-16,股市,25972.0,10287.55,1
2022-02-24,股票,40948.0,23807.7,1
2022-02-25,股票,29519.0,10507.26,1
2022-03-08,股票,32539.0,12400.21,1
2022-03-09,股票,45021.0,22908.91,3
2022-03-15,股票,58280.0,30829.92,3
2022-03-16,股票,56374.0,25690.25,3
2022-04-25,股票,74502.0,49320.72,3
2022-04-26,股票,78003.0,47679.73,3
2022-04-27,股票,57997.0,23733.2,3
2022-08-02,股票,40118.0,26328.07,1
2022-08-03,股票,35014.0,19003.37,1
2022-10-24,股票,35687.0,17253.93,1
2022-10-25,股票,39406.0,19021.6,1
2023-04-25,股票,30347.0,10964.42,1
2023-06-14,股票,45224.0,16457.63,3
2023-06-16,股票,44534.0,13972.71,1
2023-06-19,股票,44551.0,12379.1,1
2023-06-21,股票,46799.0,11899.42,3
2023-06-26,股票,49438.0,12918.47,3
2023-06-27,股票,46561.0,8562.22,2
2023-07-05,股票,45804.0,4174.41,2
2023-07-11,股票,45768.0,2271.29,2
2023-07-20,股票,45424.0,-90.11,2
2023-07-25,股票,47452.0,1207.53,2
2023-08-28,股票,80513.0,39270.52,3
2023-10-20,股票,46079.0,18036.95,3
2023-10-23,股票,44341.0,14739.22,1
2024-01-08,股票,26291.0,10877.25,1
2024-01-17,股票,31373.0,13034.67,1
2024-01-18,股票,63805.0,42634.64,3
2024-01-19,股票,36870.0,12806.26,1
2024-01-22,股票,51824.0,25674.87,3
2024-01-23,股票,54631.0,25677.36,3
2024-01-24,股票,43947.0,12790.53,1
2024-02-02,股票,63588.0,26218.79,3
2024-02-05,股票,105359.0,62994.9,3
2024-02-06,股票,69889.0,22600.63,3
2024-02-07,股票,45196.0,-3666.81,2
2024-06-04,股票,50667.0,34004.711,3
2024-06-05,股票,33326.0,14285.063,1
2022-02-24,a股,42120.0,33888.64,1
2022-03-09,a股,49959.0,35341.01,1
2022-03-15,a股,70891.0,49255.3,1
2022-03-16,a股,65260.0,38686.79,1
2022-04-25,a股,128997.0,105833.29,3
2022-04-26,a股,124279.0,90666.5,3
2022-04-27,a股,82277.0,41308.71,1
2022-08-02,a股,76389.0,63775.84,1
2022-08-03,a股,60718.0,42694.5,1
2022-10-24,a股,56519.0,35161.43,1
2022-10-25,a股,59715.0,34595.47,1
2023-08-28,a股,173777.0,136620.58,3
2023-08-29,a股,83112.0,36394.41,1
2023-10-20,a股,96362.0,61811.83,1
2023-10-23,a股,107145.0,65776.05,1
2023-10-24,a股,87374.0,40143.92,1
2023-12-21,a股,71106.0,36854.72,1
2024-01-08,a股,84163.0,38385.38,1
2024-01-17,a股,114209.0,56377.09,1
2024-01-18,a股,261415.0,190230.9,3
2024-01-19,a股,127010.0,42851.93,3
2024-01-22,a股,212449.0,118724.47,3
2024-01-23,a股,223442.0,116132.41,3
2024-01-24,a股,179009.0,60813.4,3
2024-01-25,a股,144964.0,20611.05,2
2024-01-26,a股,123683.0,-3589.32,2
2024-01-30,a股,123721.0,-5619.16,2
2024-01-31,a股,162723.0,30104.64,3
2024-02-01,a股,146854.0,10108.37,2
2024-02-02,a股,281159.0,134795.62,3
2024-02-05,a股,477464.0,305927.63,3
2024-02-06,a股,279632.0,84932.96,3
2024-02-07,a股,164984.0,-35650.27,2
2024-04-16,a股,86314.0,39134.32,1
2022-02-24,上证,15478.0,8272.04,1
2022-03-08,上证,16939.0,8396.07,1
2022-03-09,上证,27133.0,17186.76,3
2022-03-15,上证,31986.0,18503.77,3
2022-03-16,上证,32070.0,16581.55,3
2022-04-25,上证,47917.0,34396.78,3
2022-04-26,上证,47112.0,30143.84,3
2022-04-27,上证,34798.0,15289.45,3
2022-08-02,上证,18852.0,11165.73,1
2022-08-03,上证,15464.0,6906.44,1
2022-10-10,上证,16286.0,7824.42,1
2022-10-12,上证,16349.0,6675.83,1
2022-10-24,上证,19296.0,8748.09,1
2022-10-25,上证,20626.0,9095.2,1
2023-08-28,上证,37743.0,26347.17,3
2023-10-19,上证,15302.0,6853.54,1
2023-10-20,上证,22611.0,13126.14,1
2023-10-23,上证,23829.0,12964.1,1
2023-10-24,上证,20171.0,8150.19,1
2023-12-05,上证,14224.0,6403.87,1
2023-12-21,上证,18687.0,7939.96,1
2024-01-08,上证,19194.0,6679.84,1
2024-01-17,上证,23720.0,9075.05,1
2024-01-18,上证,59649.0,42234.27,3
2024-01-19,上证,26314.0,6210.79,3
2024-01-22,上证,44123.0,22302.84,3
2024-01-23,上证,44273.0,19983.07,3
2024-01-24,上证,35104.0,8980.65,3
2024-01-25,上证,30314.0,3191.3,2
2024-01-26,上证,26231.0,-1369.48,2
2024-01-31,上证,30375.0,2423.77,2
2024-02-01,上证,29230.0,748.24,2
2024-02-02,上证,56023.0,25792.76,3
2024-02-05,上证,76316.0,42151.9,3
2024-02-06,上证,44019.0,6817.27,3
2024-02-07,上证,25586.0,-11909.81,2
2022-02-24,上证指数,263634.0,73471.06,1
2022-03-08,上证指数,307917.0,100055.7,1
2022-03-09,上证指数,386700.0,164051.2,1
2022-03-15,上证指数,439765.0,175648.32,3
2022-03-16,上证指数,441190.0,157479.96,3
2022-04-25,上证指数,549541.0,282364.65,3
2022-04-26,上证指数,555744.0,259216.92,3
2022-04-27,上证指数,464642.0,145177.48,3
2022-08-02,上证指数,340959.0,132314.98,1
2022-08-03,上证指数,299510.0,80551.98,1
2022-10-10,上证指数,287167.0,71075.39,1
2022-10-24,上证指数,320354.0,86456.39,1
2022-10-25,上证指数,336228.0,92548.02,1
2023-08-28,上证指数,473517.0,236495.4,3
2023-10-19,上证指数,274132.0,73916.41,1
2023-10-20,上证指数,336848.0,126299.98,1
2023-10-23,上证指数,354736.0,130645.79,1
2023-10-24,上证指数,316540.0,80926.42,1
2023-12-05,上证指数,256929.0,74320.59,1
2023-12-21,上证指数,298537.0,83310.32,1
2024-01-08,上证指数,320796.0,82347.92,1
2024-01-17,上证指数,359230.0,94711.12,1
2024-01-18,上证指数,642972.0,353953.43,3
2024-01-19,上证指数,386321.0,73323.64,1
2024-01-22,上证指数,513347.0,184604.88,3
2024-01-23,上证指数,520142.0,170280.11,3
2024-01-24,上证指数,456199.0,89680.98,3
2024-01-25,上证指数,413534.0,36943.47,2
2024-01-31,上证指数,453176.0,61034.45,2
2024-02-01,上证指数,441819.0,40708.38,2
2024-02-02,上证指数,631435.0,213312.29,3
2024-02-05,上证指数,817815.0,365477.82,3
2024-02-06,上证指数,576470.0,95287.43,3
2024-02-07,上证指数,433429.0,-55347.37,2
2024-02-28,上证指数,402117.0,-31480.09,2
2022-03-08,牛市,777.0,261.93,3
2022-03-09,牛市,807.0,263.35,3
2022-03-15,牛市,937.0,340.85,3
2022-03-16,牛市,1212.0,565.69,3
2022-03-17,牛市,1888.0,1148.39,3
2022-04-25,牛市,1115.0,465.01,3
2022-04-26,牛市,1005.0,312.74,3
2022-04-27,牛市,901.0,180.23,3
2022-05-09,牛市,772.0,68.48,2
2022-05-11,牛市,827.0,108.8,2
2022-06-14,牛市,862.0,249.95,3
2022-06-15,牛市,1209.0,555.41,3
2022-06-28,牛市,824.0,158.5,2
2022-11-04,牛市,1096.0,567.96,3
2022-11-11,牛市,741.0,165.53,1
2023-01-16,牛市,609.0,206.57,1
2023-01-30,牛市,694.0,277.02,1
2023-02-01,牛市,765.0,308.0,3
2023-02-02,牛市,740.0,253.86,1
2023-04-17,牛市,705.0,175.01,1
2023-05-08,牛市,765.0,250.29,3
2023-05-09,牛市,778.0,237.61,3
2023-07-25,牛市,737.0,314.08,1
2023-07-28,牛市,1066.0,578.39,3
2023-07-31,牛市,982.0,440.51,3
2023-08-04,牛市,805.0,212.11,3
2023-08-27,牛市,829.0,0.0,2
2023-08-28,牛市,1421.0,858.3,3
2023-08-29,牛市,905.0,281.44,3
2023-10-17,牛市,765.0,318.64,3
2023-10-18,牛市,900.0,416.8,3
2023-10-24,牛市,908.0,362.24,3
2024-01-18,牛市,709.0,284.45,1
2024-01-23,牛市,672.0,206.58,1
2024-01-24,牛市,885.0,387.48,3
2024-02-05,牛市,821.0,285.87,3
2022-01-05,熊市,496.0,178.66,3
2022-01-06,熊市,523.0,187.64,3
2022-01-07,熊市,471.0,120.19,3
2022-01-21,熊市,486.0,128.63,3
2022-01-24,熊市,452.0,83.56,3
2022-01-25,熊市,916.0,516.09,3
2022-01-26,熊市,528.0,95.22,3
2022-01-27,熊市,1313.0,830.24,3
2022-01-28,熊市,1064.0,508.57,3
2022-01-29,熊市,481.0,0.0,2
2022-02-08,熊市,1157.0,553.23,3
2022-02-09,熊市,677.0,36.73,2
2022-02-10,熊市,648.0,-0.77,2
2022-02-11,熊市,784.0,122.24,3
2022-02-12,熊市,493.0,0.0,2
2022-02-14,熊市,607.0,-64.6,2
2022-02-15,熊市,453.0,-211.19,2
2022-02-22,熊市,487.0,-91.87,2
2022-02-24,熊市,683.0,114.98,3
2022-02-25,熊市,542.0,-33.53,2
2022-03-04,熊市,510.0,-11.84,2
2022-03-07,熊市,1200.0,643.66,3
2022-03-08,熊市,2230.0,1556.84,3
2022-03-09,熊市,2332.0,1494.92,3
2022-03-10,熊市,901.0,-22.01,2
2022-03-11,熊市,949.0,15.0,2
2022-03-12,熊市,489.0,0.0,2
2022-03-14,熊市,1222.0,262.24,3
2022-03-15,熊市,2334.0,1282.3,3
2022-03-16,熊市,1219.0,82.66,3
2022-03-17,熊市,955.0,-191.25,2
2022-03-18,熊市,576.0,-547.29,2
2022-03-21,熊市,461.0,-616.28,2
2022-03-25,熊市,456.0,-436.38,2
2022-03-28,熊市,548.0,-312.63,2
2022-03-29,熊市,572.0,-264.8,2
2022-03-30,熊市,485.0,-326.49,2
2022-03-31,熊市,469.0,-313.85,2
2022-04-07,熊市,539.0,-154.71,2
2022-04-08,熊市,530.0,-149.23,2
2022-04-11,熊市,911.0,226.84,3
2022-04-12,熊市,705.0,7.65,2
2022-04-13,熊市,602.0,-92.27,2
2022-04-14,熊市,529.0,-153.7,2
2022-04-15,熊市,553.0,-116.55,2
2022-04-18,熊市,457.0,-196.8,2
2022-04-19,熊市,450.0,-184.13,0
2022-04-20,熊市,763.0,131.97,3
2022-04-21,熊市,1218.0,551.9,3
2022-04-22,熊市,872.0,168.07,3
2022-04-23,熊市,518.0,0.0,2
2022-04-24,熊市,457.0,0.0,2
2022-04-25,熊市,2674.0,1863.17,3
2022-04-26,熊市,1430.0,492.75,3
2022-04-27,熊市,1116.0,138.79,3
2022-04-28,熊市,712.0,-266.57,2
2022-04-29,熊市,567.0,-385.52,2
2022-05-05,熊市,465.0,-451.03,2
2022-05-06,熊市,952.0,50.88,2
2022-05-07,熊市,588.0,0.0,2
2022-05-08,熊市,452.0,0.0,2
2022-05-09,熊市,694.0,-204.48,2
2022-05-10,熊市,860.0,-31.36,2
2022-05-11,熊市,765.0,-123.16,2
2022-05-12,熊市,834.0,-49.8,2
2022-05-13,熊市,684.0,-191.66,2
2022-05-14,熊市,508.0,0.0,2
2022-05-15,熊市,518.0,0.0,2
2022-05-16,熊市,627.0,-230.79,2
2022-05-17,熊市,677.0,-163.82,2
2022-05-18,熊市,503.0,-315.91,2
2022-05-19,熊市,600.0,-194.76,2
2022-05-20,熊市,631.0,-147.67,2
2022-05-21,熊市,692.0,0.0,2
2022-05-22,熊市,515.0,0.0,2
2022-05-23,熊市,508.0,-251.21,2
2022-05-24,熊市,538.0,-198.57,2
2022-05-25,熊市,468.0,-245.63,2
2022-05-26,熊市,509.0,-181.98,2
2022-05-27,熊市,469.0,-201.07,2
2022-05-30,熊市,520.0,-131.29,2
2022-06-13,熊市,514.0,27.52,2
2022-06-14,熊市,1705.0,1162.0,3
2022-06-15,熊市,734.0,127.72,3
2022-06-16,熊市,608.0,-2.76,2
2022-06-17,熊市,665.0,53.45,2
2022-06-20,熊市,467.0,-138.36,2
2022-06-21,熊市,469.0,-121.0,2
2022-06-22,熊市,483.0,-93.62,2
2022-06-23,熊市,523.0,-43.96,2
2022-06-29,熊市,460.0,-49.49,2
2022-07-07,熊市,600.0,145.6,3
2022-08-24,熊市,389.0,104.11,1
2022-08-31,熊市,396.0,104.98,1
2022-09-01,熊市,387.0,89.65,1
2022-09-05,熊市,401.0,94.55,1
2022-09-15,熊市,414.0,106.25,1
2022-09-16,熊市,569.0,245.56,3
2022-09-19,熊市,499.0,156.78,3
2022-09-20,熊市,453.0,99.07,3
2022-09-21,熊市,461.0,98.08,3
2022-09-23,熊市,471.0,92.06,3
2022-09-26,熊市,613.0,218.47,3
2022-09-27,熊市,609.0,193.22,3
2022-09-28,熊市,523.0,92.0,3
2022-09-29,熊市,484.0,45.09,2
2022-10-10,熊市,545.0,102.17,3
2022-10-11,熊市,453.0,3.66,2
2022-10-12,熊市,517.0,63.04,2
2022-10-24,熊市,603.0,163.45,3
2022-10-25,熊市,508.0,56.35,2
2022-10-28,熊市,581.0,127.39,3
2022-10-31,熊市,477.0,15.05,2
2022-11-11,熊市,470.0,48.37,2
2022-11-15,熊市,458.0,34.68,2
2022-11-17,熊市,470.0,42.52,2
2022-12-11,熊市,688.0,0.0,2
2023-02-16,熊市,410.0,131.41,1
2023-08-23,熊市,404.0,92.22,1
2023-08-28,熊市,427.0,98.71,1
2023-10-19,熊市,413.0,102.09,1
2023-10-20,熊市,412.0,90.69,1
2023-10-23,熊市,509.0,173.35,3
2023-12-05,熊市,418.0,153.67,1
2024-01-04,熊市,453.0,138.7,3
2024-01-05,熊市,408.0,81.54,1
2024-01-08,熊市,525.0,183.75,3
2024-01-17,熊市,594.0,212.37,3
2024-01-18,熊市,691.0,281.64,3
2024-01-22,熊市,700.0,256.65,3
2024-01-23,熊市,568.0,102.56,3
2024-01-24,熊市,624.0,141.95,3
2024-01-31,熊市,502.0,39.68,2
2024-02-02,熊市,676.0,202.24,3
2024-02-05,熊市,789.0,286.48,3
2024-02-06,熊市,493.0,-27.01,2
2022-03-07,港股,2641.0,1146.51,1
2022-03-09,港股,2835.0,1113.58,1
2022-03-14,港股,7991.0,5732.84,3
2022-03-15,港股,13132.0,10028.32,3
2022-03-16,港股,10234.0,6237.85,3
2022-03-17,港股,5748.0,1291.76,3
2022-05-03,港股,4718.0,0.0,2
2022-05-09,港股,3169.0,1010.92,1
2022-08-02,港股,2881.0,1645.62,1
2022-08-25,港股,3776.0,2413.0,1
2022-10-05,港股,4667.0,0.0,2
2022-10-06,港股,4688.0,0.0,2
2022-10-10,港股,2728.0,1097.95,1
2022-10-12,港股,3141.0,1288.52,1
2022-10-24,港股,37678.0,33623.29,3
2022-10-25,港股,32457.0,25279.19,3
2022-10-26,港股,11280.0,2517.27,3
2022-10-27,港股,6771.0,-2186.64,2
2022-10-28,港股,9929.0,861.99,2
2022-10-31,港股,7105.0,-2075.42,2
2022-11-01,港股,5965.0,-3120.39,2
2022-11-02,港股,6234.0,-2716.24,2
2022-11-03,港股,4705.0,-4053.93,2
2022-11-04,港股,5071.0,-3449.63,2
2022-11-11,港股,4552.0,-2429.37,2
2023-01-30,港股,2917.0,1678.17,1
2023-03-09,港股,3039.0,1312.17,1
2023-05-26,港股,2578.0,1190.25,1
2023-07-17,港股,3642.0,1934.8,1
2023-08-28,港股,3121.0,1095.81,1
2023-09-01,港股,3958.0,1774.38,1
2023-09-08,港股,3418.0,1159.94,1
2023-10-03,港股,5129.0,0.0,2
2023-10-04,港股,4922.0,0.0,2
2023-10-05,港股,4394.0,0.0,2
2023-10-06,港股,4526.0,0.0,2
2023-10-09,港股,5631.0,3287.57,3
2023-10-23,港股,5150.0,2623.12,3
2023-12-05,港股,3255.0,1276.23,1
2023-12-22,港股,6269.0,3718.12,3
2024-01-17,港股,6388.0,3621.19,3
2024-01-18,港股,5426.0,2338.22,3
2024-01-22,港股,6064.0,2656.89,3
2024-01-23,港股,4807.0,1174.58,3
2024-01-24,港股,4260.0,508.8,2
2024-02-02,港股,4330.0,559.12,2
2024-02-05,港股,4838.0,959.75,2
2024-02-14,港股,6249.0,0.0,2
2024-02-15,港股,6153.0,0.0,2
2024-02-16,港股,6944.0,0.0,2
2024-02-19,港股,4146.0,349.05,2
2024-03-29,港股,4003.0,1296.03,1
2024-04-10,港股,4278.0,1580.99,3
2024-05-02,港股,4762.0,0.0,2
2024-05-03,港股,7732.0,0.0,2
2024-05-06,港股,5487.0,2606.7,3
2024-05-07,港股,4075.0,1006.12,1
2024-05-10,港股,4141.0,914.993,2
2024-05-15,港股,5455.0,1988.43,3
2022-02-24,恒生指数,19100.0,8255.51,1
2022-03-07,恒生指数,22395.0,9553.89,3
2022-03-08,恒生指数,22123.0,8253.2,3
2022-03-09,恒生指数,24693.0,9760.37,3
2022-03-11,恒生指数,23918.0,7635.17,3
2022-03-14,恒生指数,45113.0,26861.37,3
2022-03-15,恒生指数,65255.0,43144.84,3
2022-03-16,恒生指数,52327.0,26295.65,3
2022-03-17,恒生指数,34691.0,6547.98,3
2022-03-18,恒生指数,27085.0,-1755.9,2
2022-04-25,恒生指数,22375.0,6479.21,3
2022-04-26,恒生指数,20323.0,3883.66,1
2022-07-11,恒生指数,14750.0,5000.92,1
2022-08-02,恒生指数,17696.0,8247.87,1
2022-09-22,恒生指数,16178.0,4781.31,1
2022-09-28,恒生指数,19443.0,6498.89,1
2022-09-29,恒生指数,17785.0,4232.82,1
2022-10-05,恒生指数,25656.0,0.0,2
2022-10-06,恒生指数,25321.0,0.0,2
2022-10-07,恒生指数,23839.0,0.0,2
2022-10-10,恒生指数,21806.0,7311.08,1
2022-10-11,恒生指数,22027.0,6718.24,3
2022-10-12,恒生指数,26925.0,10612.48,3
2022-10-13,恒生指数,24970.0,7585.87,3
2022-10-20,恒生指数,25892.0,6476.05,3
2022-10-24,恒生指数,92582.0,68742.72,3
2022-10-25,恒生指数,92656.0,61755.21,3
2022-10-26,恒生指数,49286.0,13995.64,3
2022-10-27,恒生指数,44060.0,7118.28,3
2022-10-28,恒生指数,58100.0,19208.41,3
2022-10-31,恒生指数,44896.0,4172.9,3
2022-11-01,恒生指数,37038.0,-4325.04,2
2022-11-02,恒生指数,37757.0,-3830.1,2
2022-11-03,恒生指数,38951.0,-2922.3,2
2022-11-04,恒生指数,34985.0,-7000.93,2
2022-11-07,恒生指数,31979.0,-9751.79,2
2022-11-08,恒生指数,27994.0,-13140.72,2
2022-11-09,恒生指数,28032.0,-12342.02,2
2022-11-10,恒生指数,27396.0,-12231.06,2
2022-11-11,恒生指数,35122.0,-4151.21,2
2022-11-14,恒生指数,27703.0,-11245.98,2
2022-11-15,恒生指数,27872.0,-10407.56,2
2022-11-16,恒生指数,26361.0,-11221.91,2
2022-11-17,恒生指数,23031.0,-13658.0,2
2022-11-18,恒生指数,24691.0,-11078.8,2
2022-11-21,恒生指数,22276.0,-12597.18,2
2022-11-22,恒生指数,22993.0,-10958.66,2
2022-11-28,恒生指数,23013.0,-6960.61,2
2022-12-07,恒生指数,22840.0,-2998.48,2
2022-12-08,恒生指数,22360.0,-3184.24,2
2023-01-30,恒生指数,18660.0,7129.34,1
2023-01-31,恒生指数,17065.0,5121.51,1
2023-02-01,恒生指数,16840.0,4599.0,1
2023-02-02,恒生指数,16418.0,3928.66,1
2023-02-03,恒生指数,17220.0,4477.43,1
2023-02-06,恒生指数,17104.0,4088.82,1
2023-02-16,恒生指数,18264.0,4474.71,1
2023-03-01,恒生指数,19889.0,4483.88,1
2023-03-10,恒生指数,20492.0,4253.1,1
2023-03-14,恒生指数,21668.0,4750.76,1
2023-03-20,恒生指数,22440.0,4861.78,3
2023-05-25,恒生指数,16161.0,4425.01,1
2023-05-31,恒生指数,17178.0,4850.7,1
2023-07-06,恒生指数,17931.0,6239.82,1
2023-07-11,恒生指数,18128.0,5279.18,1
2023-10-04,恒生指数,22950.0,0.0,2
2023-10-06,恒生指数,22189.0,0.0,2
2023-12-05,恒生指数,19318.0,6335.44,1
2023-12-11,恒生指数,18046.0,3941.27,1
2023-12-15,恒生指数,18277.0,3743.79,1
2023-12-22,恒生指数,21756.0,6358.88,1
2024-01-08,恒生指数,18544.0,4159.42,1
2024-01-17,恒生指数,33808.0,17628.0,3
2024-01-18,恒生指数,32277.0,14379.35,3
2024-01-22,恒生指数,35405.0,15437.38,3
2024-01-23,恒生指数,31130.0,9711.95,3
2024-01-24,恒生指数,28652.0,6228.74,3
2024-01-25,恒生指数,23290.0,327.97,2
2024-01-30,恒生指数,22030.0,-993.81,2
2024-01-31,恒生指数,23246.0,76.85,2
2024-02-02,恒生指数,25975.0,2440.95,2
2024-02-05,恒生指数,26841.0,2841.26,2
2024-02-15,恒生指数,22197.0,0.0,2
2024-02-16,恒生指数,26315.0,0.0,2
2024-02-19,恒生指数,23074.0,-368.45,2
2024-05-03,恒生指数,24139.0,0.0,2
2024-05-06,恒生指数,23193.0,7896.86,3
2024-05-10,恒生指数,20229.0,3997.745,1
2022-03-11,恒生科技指数,11831.0,4980.77,1
2022-03-14,恒生科技指数,14686.0,7156.8,1
2022-03-15,恒生科技指数,14764.0,6462.9,1
2022-03-16,恒生科技指数,18879.0,9658.16,3
2022-03-17,恒生科技指数,15715.0,5598.14,1
2022-04-29,恒生科技指数,10500.0,3563.32,1
2022-06-27,恒生科技指数,12825.0,3026.78,1
2022-10-12,恒生科技指数,10087.0,4202.01,1
2022-10-14,恒生科技指数,10364.0,3842.64,1
2022-10-18,恒生科技指数,10818.0,3650.9,1
2022-10-20,恒生科技指数,10780.0,3086.7,1
2022-10-24,恒生科技指数,19259.0,10649.69,3
2022-10-25,恒生科技指数,17431.0,7808.14,3
2022-10-26,恒生科技指数,13009.0,2758.21,1
2022-11-01,恒生科技指数,14392.0,3275.52,1
2022-11-04,恒生科技指数,15937.0,4357.88,1
2022-11-11,恒生科技指数,14906.0,3064.7,1
2023-01-30,恒生科技指数,9333.0,3270.77,1
2023-03-01,恒生科技指数,11268.0,3875.17,1
2023-06-02,恒生科技指数,9919.0,3573.08,1
2023-07-13,恒生科技指数,13246.0,2984.24,1
2023-07-25,恒生科技指数,14138.0,3847.17,1
2023-07-27,恒生科技指数,14341.0,3498.77,1
2023-07-28,恒生科技指数,15401.0,4099.13,1
2023-07-31,恒生科技指数,16309.0,4486.21,3
2023-10-25,恒生科技指数,13798.0,3854.4,1
2023-11-06,恒生科技指数,15005.0,3844.89,1
2023-11-15,恒生科技指数,14865.0,3184.49,1
2023-12-15,恒生科技指数,15786.0,3574.13,1
2023-12-22,恒生科技指数,17689.0,5050.82,3
2023-12-28,恒生科技指数,15356.0,3980.09,1
2024-01-17,恒生科技指数,17087.0,4863.5,3
2024-01-18,恒生科技指数,17443.0,4703.49,3
2024-01-22,恒生科技指数,15776.0,2522.77,1
2024-01-23,恒生科技指数,18621.0,4937.4,3
2024-01-24,恒生科技指数,19103.0,4857.92,3
2024-01-25,恒生科技指数,17914.0,3185.56,3
2024-02-21,恒生科技指数,17784.0,3097.91,3
2024-02-27,恒生科技指数,16060.0,1147.57,2
2024-03-06,恒生科技指数,16116.0,1015.18,2
2024-03-12,恒生科技指数,18614.0,3420.15,3
2024-03-13,恒生科技指数,17546.0,2021.06,2
2024-04-24,恒生科技指数,14243.0,2939.19,1
2024-04-25,恒生科技指数,14068.0,2526.06,1
2024-04-26,恒生科技指数,15940.0,4092.82,1
2024-04-29,恒生科技指数,15299.0,3107.67,1
2024-05-06,恒生科技指数,16353.0,3907.12,3
2022-01-21,美股行情,13900.0,4501.25,1
2022-01-25,美股行情,32568.0,21867.75,3
2022-01-26,美股行情,29790.0,17140.44,3
2022-01-27,美股行情,25888.0,11762.69,3
2022-01-28,美股行情,21636.0,6547.14,1
2022-02-22,美股行情,19631.0,4678.59,1
2022-02-23,美股行情,20253.0,4784.34,1
2022-02-24,美股行情,30604.0,14116.44,3
2022-02-25,美股行情,31117.0,13151.13,3
2022-03-08,美股行情,34962.0,16252.56,3
2022-03-09,美股行情,39661.0,19020.31,3
2022-03-10,美股行情,36440.0,13941.7,3
2022-03-11,美股行情,33233.0,9336.71,3
2022-03-15,美股行情,49923.0,24125.73,3
2022-03-16,美股行情,48485.0,20132.65,3
2022-03-17,美股行情,45304.0,14821.63,3
2022-03-18,美股行情,34372.0,2623.08,2
2022-03-22,美股行情,29459.0,-1656.83,2
2022-03-23,美股行情,28462.0,-2772.14,2
2022-03-24,美股行情,30574.0,-816.28,2
2022-03-25,美股行情,26340.0,-5081.75,2
2022-03-29,美股行情,25697.0,-4137.54,2
2022-03-30,美股行情,26398.0,-3322.93,2
2022-03-31,美股行情,27355.0,-2336.07,2
2022-04-01,美股行情,22688.0,-6785.91,2
2022-04-06,美股行情,24369.0,-4750.36,2
2022-04-07,美股行情,30987.0,1791.83,2
2022-04-08,美股行情,26258.0,-3095.05,2
2022-04-12,美股行情,27836.0,-630.3,2
2022-04-13,美股行情,27367.0,-1195.04,2
2022-04-14,美股行情,26817.0,-1778.72,2
2022-04-19,美股行情,23800.0,-2830.39,2
2022-04-20,美股行情,25595.0,-960.31,2
2022-04-21,美股行情,27422.0,760.26,2
2022-04-22,美股行情,23976.0,-2701.47,2
2022-04-25,美股行情,27699.0,996.09,2
2022-04-26,美股行情,43238.0,15563.25,3
2022-04-27,美股行情,42151.0,12866.1,3
2022-04-28,美股行情,32955.0,2691.14,2
2022-04-29,美股行情,26233.0,-4146.64,2
2022-05-03,美股行情,27711.0,0.0,2
2022-05-04,美股行情,33588.0,0.0,2
2022-05-05,美股行情,43845.0,12825.14,3
2022-05-06,美股行情,61850.0,28483.7,3
2022-05-07,美股行情,31961.0,0.0,2
2022-05-09,美股行情,30830.0,-4060.04,2
2022-05-10,美股行情,56064.0,20055.83,3
2022-05-11,美股行情,52143.0,14054.8,3
2022-05-12,美股行情,53704.0,13815.06,3
2022-05-13,美股行情,42181.0,1126.17,2
2022-05-17,美股行情,35272.0,-4356.05,2
2022-05-18,美股行情,35662.0,-3890.96,2
2022-05-19,美股行情,47155.0,7093.31,3
2022-05-20,美股行情,39580.0,-1137.65,2
2022-05-24,美股行情,37993.0,-1178.18,2
2022-05-25,美股行情,36940.0,-2346.19,2
2022-05-26,美股行情,33579.0,-5588.5,2
2022-05-27,美股行情,28312.0,-10312.6,2
2022-05-31,美股行情,26494.0,-9136.35,2
2022-06-01,美股行情,30044.0,-5024.97,2
2022-06-02,美股行情,26435.0,-8107.41,2
2022-06-07,美股行情,26241.0,-5943.23,2
2022-06-08,美股行情,25528.0,-6102.98,2
2022-06-09,美股行情,26425.0,-4701.4,2
2022-06-10,美股行情,28416.0,-2384.73,2
2022-06-13,美股行情,25693.0,-4769.22,2
2022-06-14,美股行情,49202.0,18027.5,3
2022-06-15,美股行情,45567.0,12752.7,3
2022-06-16,美股行情,48542.0,14243.94,3
2022-06-17,美股行情,42689.0,7162.06,3
2022-06-21,美股行情,29789.0,-4264.56,2
2022-06-22,美股行情,32898.0,-983.88,2
2022-06-23,美股行情,31252.0,-2540.84,2
2022-06-24,美股行情,25213.0,-8115.73,2
2022-06-28,美股行情,25926.0,-4977.69,2
2022-06-29,美股行情,30884.0,216.56,2
2022-06-30,美股行情,31103.0,398.82,2
2022-07-01,美股行情,26963.0,-3581.45,2
2022-07-05,美股行情,23086.0,-5041.77,2
2022-07-06,美股行情,31640.0,3643.94,2
2022-07-07,美股行情,28649.0,498.72,2
2022-07-08,美股行情,23606.0,-4291.77,2
2022-07-12,美股行情,26409.0,203.35,2
2022-07-13,美股行情,28778.0,2530.07,2
2022-07-14,美股行情,29941.0,3477.16,2
2022-07-15,美股行情,24392.0,-2057.39,2
2022-07-19,美股行情,24781.0,-56.69,2
2022-07-20,美股行情,25447.0,698.27,2
2022-07-21,美股行情,25560.0,852.17,2
2022-07-26,美股行情,22531.0,-411.06,2
2022-07-27,美股行情,25324.0,2431.46,2
2022-07-28,美股行情,29784.0,6575.46,3
2022-07-29,美股行情,24022.0,581.68,2
2022-08-02,美股行情,46021.0,22621.46,3
2022-08-03,美股行情,35699.0,10693.76,3
2022-08-04,美股行情,24371.0,-1054.04,2
2022-08-11,美股行情,22784.0,135.59,2
2022-08-18,美股行情,22536.0,1766.63,2
2022-08-23,美股行情,23066.0,3452.92,2
2022-08-24,美股行情,25409.0,5503.61,3
2022-08-25,美股行情,24170.0,3935.45,2
2022-08-30,美股行情,28755.0,8682.7,3
2022-08-31,美股行情,31707.0,10766.22,3
2022-09-01,美股行情,30931.0,9075.76,3
2022-09-02,美股行情,24323.0,1983.38,2
2022-09-07,美股行情,23422.0,2528.33,2
2022-09-08,美股行情,22045.0,1069.68,2
2022-09-14,美股行情,35541.0,14234.58,3
2022-09-15,美股行情,34472.0,11892.86,3
2022-09-16,美股行情,28582.0,5166.76,3
2022-09-20,美股行情,28647.0,5394.02,3
2022-09-21,美股行情,33890.0,9874.21,3
2022-09-22,美股行情,39652.0,14386.27,3
2022-09-23,美股行情,31898.0,5573.79,3
2022-09-27,美股行情,31632.0,5323.8,3
2022-09-28,美股行情,35260.0,8203.96,3
2022-09-29,美股行情,35413.0,7479.39,3
2022-09-30,美股行情,29658.0,1190.46,2
2022-10-04,美股行情,23365.0,0.0,2
2022-10-05,美股行情,26855.0,0.0,2
2022-10-06,美股行情,26601.0,0.0,2
2022-10-07,美股行情,25823.0,0.0,2
2022-10-11,美股行情,33647.0,5411.88,3
2022-10-12,美股行情,32582.0,3784.69,2
2022-10-13,美股行情,37037.0,7554.14,3
2022-10-14,美股行情,34892.0,4663.06,3
2022-10-18,美股行情,33247.0,3462.19,2
2022-10-19,美股行情,31934.0,1767.48,2
2022-10-20,美股行情,30350.0,-24.04,2
2022-10-21,美股行情,27445.0,-2896.6,2
2022-10-25,美股行情,32335.0,2645.76,2
2022-10-26,美股行情,30765.0,803.19,2
2022-10-27,美股行情,29405.0,-662.1,2
2022-10-28,美股行情,26901.0,-3070.39,2
2022-11-01,美股行情,26322.0,-2152.25,2
2022-11-02,美股行情,26927.0,-1413.23,2
2022-11-03,美股行情,33384.0,4820.33,3
2022-11-04,美股行情,26266.0,-2470.67,2
2022-11-08,美股行情,25127.0,-2162.63,2
2022-11-09,美股行情,24881.0,-2197.34,2
2022-11-10,美股行情,29103.0,2024.21,2
2022-11-11,美股行情,30864.0,3489.61,2
2022-11-15,美股行情,24299.0,-1729.71,2
2022-11-16,美股行情,24159.0,-1674.79,2
2022-11-17,美股行情,23671.0,-1951.86,2
2023-01-10,美股行情,15275.0,4223.8,1
2023-01-12,美股行情,16377.0,4887.01,1
2023-01-31,美股行情,15458.0,4825.58,1
2023-02-01,美股行情,16486.0,5500.12,1
2023-02-02,美股行情,18784.0,7302.44,1
2023-02-03,美股行情,17018.0,5047.44,1
2023-02-07,美股行情,17077.0,5179.77,1
2023-02-08,美股行情,18177.0,5838.7,1
2023-02-09,美股行情,17713.0,4932.01,1
2023-02-14,美股行情,18110.0,5217.02,1
2023-02-15,美股行情,18572.0,5228.94,1
2023-02-16,美股行情,18640.0,4852.08,1
2023-02-22,美股行情,22010.0,8139.76,3
2023-02-23,美股行情,21638.0,7036.57,1
2023-02-28,美股行情,19204.0,4256.01,1
2023-03-10,美股行情,22275.0,5999.15,3
2023-03-14,美股行情,31377.0,14001.12,3
2023-03-15,美股行情,31956.0,13133.86,3
2023-03-16,美股行情,33158.0,12910.57,3
2023-03-17,美股行情,26920.0,5604.13,3
2023-03-21,美股行情,25928.0,4557.96,3
2023-03-22,美股行情,27183.0,5181.19,3
2023-03-23,美股行情,32668.0,9751.84,3
2023-03-24,美股行情,24240.0,626.43,2
2023-03-28,美股行情,22158.0,-606.07,2
2023-03-29,美股行情,23379.0,479.35,2
2023-03-30,美股行情,22693.0,-355.09,2
2023-11-01,美股行情,14214.0,5230.56,1
2023-11-14,美股行情,13840.0,5703.37,1
2023-12-21,美股行情,10702.0,4059.88,1
2024-01-04,美股行情,10948.0,4312.96,1
2024-01-17,美股行情,11096.0,4162.47,1
2024-04-10,美股行情,12080.0,5122.47,1
2024-06-04,美股行情,11901.0,5587.069,1
2022-01-19,道琼斯指数,17442.0,4667.24,1
2022-01-20,道琼斯指数,17675.0,4438.0,1
2022-01-21,道琼斯指数,18885.0,5148.77,1
2022-01-25,道琼斯指数,37880.0,22822.07,3
2022-01-26,道琼斯指数,33485.0,16346.15,3
2022-01-27,道琼斯指数,31790.0,13027.46,3
2022-01-28,道琼斯指数,27784.0,7802.88,3
2022-02-04,道琼斯指数,22355.0,0.0,2
2022-02-08,道琼斯指数,20991.0,1224.66,2
2022-02-11,道琼斯指数,21173.0,912.9,2
2022-02-15,道琼斯指数,24663.0,4605.8,3
2022-02-16,道琼斯指数,22088.0,1571.13,2
2022-02-17,道琼斯指数,23357.0,2482.61,2
2022-02-18,道琼斯指数,23332.0,2068.91,2
2022-02-22,道琼斯指数,22716.0,2252.84,2
2022-02-23,道琼斯指数,26979.0,5958.95,3
2022-02-24,道琼斯指数,40135.0,17742.73,3
2022-02-25,道琼斯指数,37098.0,12939.76,3
2022-03-01,道琼斯指数,26362.0,2103.73,2
2022-03-02,道琼斯指数,27409.0,2697.01,2
2022-03-03,道琼斯指数,25357.0,279.72,2
2022-03-04,道琼斯指数,24429.0,-834.09,2
2022-03-08,道琼斯指数,39232.0,13833.65,3
2022-03-09,道琼斯指数,40828.0,13788.18,3
2022-03-10,道琼斯指数,35339.0,6977.51,3
2022-03-11,道琼斯指数,32110.0,2961.84,2
2022-03-15,道琼斯指数,42990.0,13579.36,3
2022-03-16,道琼斯指数,38127.0,7353.09,3
2022-03-17,道琼斯指数,35676.0,4008.4,3
2022-03-18,道琼斯指数,28702.0,-3319.88,2
2022-03-22,道琼斯指数,25243.0,-5055.27,2
2022-03-23,道琼斯指数,24367.0,-5636.29,2
2022-03-24,道琼斯指数,25959.0,-3800.43,2
2022-03-25,道琼斯指数,23291.0,-6183.73,2
2022-03-29,道琼斯指数,23893.0,-3684.59,2
2022-03-30,道琼斯指数,24194.0,-3188.9,2
2022-03-31,道琼斯指数,23844.0,-3352.42,2
2022-04-01,道琼斯指数,21087.0,-5779.77,2
2022-04-06,道琼斯指数,21940.0,-4524.25,2
2022-04-07,道琼斯指数,26634.0,271.51,2
2022-04-08,道琼斯指数,23408.0,-2929.93,2
2022-04-12,道琼斯指数,23812.0,-1256.14,2
2022-04-13,道琼斯指数,23291.0,-1696.59,2
2022-04-14,道琼斯指数,22113.0,-2714.41,2
2022-04-19,道琼斯指数,20278.0,-2345.87,2
2022-04-20,道琼斯指数,21765.0,-704.28,2
2022-04-21,道琼斯指数,23167.0,698.22,2
2022-04-22,道琼斯指数,21455.0,-998.01,2
2022-04-25,道琼斯指数,23160.0,721.91,2
2022-04-26,道琼斯指数,37266.0,14061.04,3
2022-04-27,道琼斯指数,35817.0,11277.48,3
2022-04-28,道琼斯指数,28214.0,2886.98,2
2022-04-29,道琼斯指数,23327.0,-2110.77,2
2022-05-03,道琼斯指数,23986.0,0.0,2
2022-05-04,道琼斯指数,27323.0,0.0,2
2022-05-05,道琼斯指数,35545.0,9644.48,3
2022-05-06,道琼斯指数,50882.0,23194.48,3
2022-05-07,道琼斯指数,26637.0,0.0,2
2022-05-09,道琼斯指数,21842.0,-6820.51,2
2022-05-10,道琼斯指数,44793.0,15531.95,3
2022-05-11,道琼斯指数,40392.0,9664.72,3
2022-05-12,道琼斯指数,41904.0,9966.43,3
2022-05-13,道琼斯指数,35204.0,2407.27,2
2022-05-17,道琼斯指数,28732.0,-2683.19,2
2022-05-18,道琼斯指数,29558.0,-1810.29,2
2022-05-19,道琼斯指数,45549.0,13398.27,3
2022-05-20,道琼斯指数,35021.0,1880.87,2
2022-05-21,道琼斯指数,20751.0,0.0,2
2022-05-24,道琼斯指数,32116.0,238.67,2
2022-05-25,道琼斯指数,31886.0,-168.48,2
2022-05-26,道琼斯指数,28608.0,-3433.02,2
2022-05-27,道琼斯指数,24376.0,-7277.59,2
2022-06-01,道琼斯指数,24521.0,-3599.54,2
2022-06-02,道琼斯指数,22801.0,-4932.95,2
2022-06-07,道琼斯指数,22448.0,-3346.18,2
2022-06-08,道琼斯指数,22060.0,-3379.48,2
2022-06-09,道琼斯指数,23056.0,-2085.43,2
2022-06-10,道琼斯指数,25871.0,816.86,2
2022-06-13,道琼斯指数,21095.0,-3782.06,2
2022-06-14,道琼斯指数,43161.0,17593.54,3
2022-06-15,道琼斯指数,38153.0,11103.82,3
2022-06-16,道琼斯指数,41762.0,13410.62,3
2022-06-17,道琼斯指数,39092.0,9490.01,3
2022-06-21,道琼斯指数,22582.0,-5556.13,2
2022-06-22,道琼斯指数,28104.0,194.48,2
2022-06-23,道琼斯指数,26926.0,-985.27,2
2022-06-24,道琼斯指数,22584.0,-5055.31,2
2022-06-28,道琼斯指数,22577.0,-3071.86,2
2022-06-29,道琼斯指数,26465.0,944.24,2
2022-06-30,道琼斯指数,26377.0,786.71,2
2022-07-01,道琼斯指数,23935.0,-1595.19,2
2022-07-06,道琼斯指数,28283.0,4841.31,3
2022-07-07,道琼斯指数,24708.0,1030.04,2
2022-07-08,道琼斯指数,20413.0,-3096.66,2
2022-07-12,道琼斯指数,22667.0,638.84,2
2022-07-13,道琼斯指数,24545.0,2453.69,2
2022-07-14,道琼斯指数,26568.0,4223.29,3
2022-07-15,道琼斯指数,23416.0,890.32,2
2022-07-19,道琼斯指数,21944.0,701.76,2
2022-07-20,道琼斯指数,22507.0,1268.52,2
2022-07-21,道琼斯指数,22463.0,1199.82,2
2022-07-22,道琼斯指数,20116.0,-1054.47,2
2022-07-27,道琼斯指数,21916.0,2100.55,2
2022-07-28,道琼斯指数,25014.0,4957.62,3
2022-07-29,道琼斯指数,20609.0,391.2,2
2022-08-02,道琼斯指数,36575.0,16704.81,3
2022-08-03,道琼斯指数,29765.0,8688.22,3
2022-08-04,道琼斯指数,21811.0,344.01,2
2022-08-10,道琼斯指数,20134.0,525.54,2
2022-08-11,道琼斯指数,20517.0,938.3,2
2022-08-23,道琼斯指数,21623.0,4459.26,3
2022-08-24,道琼斯指数,23363.0,5806.48,3
2022-08-25,道琼斯指数,21756.0,3826.09,2
2022-08-30,道琼斯指数,26682.0,8666.96,3
2022-08-31,道琼斯指数,27870.0,9039.02,3
2022-09-01,道琼斯指数,29131.0,9421.6,3
2022-09-02,道琼斯指数,25289.0,4892.29,3
2022-09-07,道琼斯指数,24876.0,5232.21,3
2022-09-08,道琼斯指数,23199.0,3171.49,2
2022-09-13,道琼斯指数,22477.0,2331.68,2
2022-09-14,道琼斯指数,39558.0,18373.94,3
2022-09-15,道琼斯指数,35658.0,12861.08,3
2022-09-16,道琼斯指数,32080.0,8159.67,3
2022-09-20,道琼斯指数,29992.0,6021.54,3
2022-09-21,道琼斯指数,34599.0,9751.78,3
2022-09-22,道琼斯指数,42775.0,16486.73,3
2022-09-23,道琼斯指数,35959.0,8272.04,3
2022-09-24,道琼斯指数,21524.0,0.0,2
2022-09-26,道琼斯指数,21010.0,-6893.84,2
2022-09-27,道琼斯指数,36245.0,8129.86,3
2022-09-28,道琼斯指数,39029.0,9832.19,3
2022-09-29,道琼斯指数,39445.0,9092.88,3
2022-09-30,道琼斯指数,34515.0,3320.88,2
2022-10-04,道琼斯指数,27502.0,0.0,2
2022-10-05,道琼斯指数,29933.0,0.0,2
2022-10-06,道琼斯指数,30365.0,0.0,2
2022-10-07,道琼斯指数,30942.0,0.0,2
2022-10-08,道琼斯指数,21853.0,0.0,2
2022-10-10,道琼斯指数,21269.0,-9802.05,2
2022-10-11,道琼斯指数,37060.0,5982.31,3
2022-10-12,道琼斯指数,35418.0,3640.49,2
2022-10-13,道琼斯指数,41055.0,8437.5,3
2022-10-14,道琼斯指数,39257.0,5677.81,3
2022-10-15,道琼斯指数,21081.0,0.0,2
2022-10-18,道琼斯指数,33877.0,1002.57,2
2022-10-19,道琼斯指数,34045.0,856.93,2
2022-10-20,道琼斯指数,32824.0,-597.07,2
2022-10-21,道琼斯指数,29552.0,-3857.54,2
2022-10-24,道琼斯指数,20843.0,-11959.02,2
2022-10-25,道琼斯指数,33422.0,996.19,2
2022-10-26,道琼斯指数,30952.0,-1620.17,2
2022-10-27,道琼斯指数,32304.0,-344.1,2
2022-10-28,道琼斯指数,30604.0,-2092.9,2
2022-11-01,道琼斯指数,29826.0,-1375.11,2
2022-11-02,道琼斯指数,30062.0,-1134.92,2
2022-11-03,道琼斯指数,35736.0,4254.19,3
2022-11-04,道琼斯指数,28449.0,-3213.82,2
2022-11-08,道琼斯指数,26495.0,-3390.91,2
2022-11-09,道琼斯指数,26437.0,-3184.87,2
2022-11-10,道琼斯指数,31601.0,1973.21,2
2022-11-11,道琼斯指数,32992.0,3036.73,2
2022-11-15,道琼斯指数,25319.0,-3043.14,2
2022-11-16,道琼斯指数,24990.0,-3084.12,2
2022-11-17,道琼斯指数,25361.0,-2447.96,2
2022-11-18,道琼斯指数,22358.0,-5075.11,2
2022-11-22,道琼斯指数,22154.0,-3164.25,2
2022-11-23,道琼斯指数,21772.0,-3169.21,2
2022-12-01,道琼斯指数,20114.0,-711.87,2
2022-12-15,道琼斯指数,20626.0,3482.48,2
2022-12-20,道琼斯指数,22468.0,5873.99,3
2022-12-21,道琼斯指数,22125.0,5150.88,3
2023-01-12,道琼斯指数,18233.0,4620.6,1
2023-01-31,道琼斯指数,16904.0,4669.01,1
2023-02-01,道琼斯指数,17828.0,5263.17,1
2023-02-02,道琼斯指数,20176.0,7139.93,3
2023-02-03,道琼斯指数,19248.0,5701.61,1
2023-02-07,道琼斯指数,17891.0,4609.11,1
2023-02-08,道琼斯指数,18751.0,5104.03,1
2023-02-22,道琼斯指数,20748.0,7324.88,3
2023-02-23,道琼斯指数,19609.0,5618.2,1
2023-02-28,道琼斯指数,18284.0,4282.98,1
2023-03-08,道琼斯指数,18182.0,4034.04,1
2023-03-10,道琼斯指数,21243.0,6318.69,3
2023-03-14,道琼斯指数,28744.0,12998.7,3
2023-03-15,道琼斯指数,28954.0,11935.02,3
2023-03-16,道琼斯指数,31693.0,13349.35,3
2023-03-17,道琼斯指数,25470.0,6072.9,3
2023-03-21,道琼斯指数,24651.0,5257.2,3
2023-03-22,道琼斯指数,25030.0,5035.03,3
2023-03-23,道琼斯指数,28373.0,7639.58,3
2023-03-24,道琼斯指数,23188.0,1864.16,2
2023-03-28,道琼斯指数,20087.0,-353.35,2
2023-03-29,道琼斯指数,20942.0,416.66,2
2023-03-30,道琼斯指数,20099.0,-503.62,2
2023-11-01,道琼斯指数,13584.0,4630.07,1
2023-11-14,道琼斯指数,12641.0,4678.64,1
2023-12-21,道琼斯指数,11600.0,4716.9,1
2024-01-04,道琼斯指数,11814.0,4791.22,1
2024-01-17,道琼斯指数,13064.0,5396.71,1
2024-01-18,道琼斯指数,12211.0,4070.79,1
2024-04-10,道琼斯指数,14124.0,6629.32,1
2024-06-04,道琼斯指数,13597.0,6114.206,1
2022-01-06,纳斯达克指数,10264.0,3033.41,1
2022-01-20,纳斯达克指数,11153.0,3076.05,1
2022-01-21,纳斯达克指数,12478.0,4004.86,1
2022-01-25,纳斯达克指数,24701.0,15108.21,3
2022-01-26,纳斯达克指数,20823.0,9868.91,3
2022-01-27,纳斯达克指数,19836.0,7864.02,3
2022-01-28,纳斯达克指数,17428.0,4684.1,3
2022-02-04,纳斯达克指数,15477.0,0.0,2
2022-02-08,纳斯达克指数,13541.0,871.54,2
2022-02-11,纳斯达克指数,13609.0,561.97,2
2022-02-15,纳斯达克指数,15598.0,2625.05,2
2022-02-16,纳斯达克指数,13753.0,498.26,2
2022-02-17,纳斯达克指数,14972.0,1490.31,2
2022-02-18,纳斯达克指数,15194.0,1434.13,2
2022-02-22,纳斯达克指数,13433.0,248.53,2
2022-02-23,纳斯达克指数,16350.0,2893.13,2
2022-02-24,纳斯达克指数,23886.0,9663.59,3
2022-02-25,纳斯达克指数,24222.0,8905.27,3
2022-03-01,纳斯达克指数,14949.0,-333.27,2
2022-03-02,纳斯达克指数,14561.0,-807.57,2
2022-03-03,纳斯达克指数,13431.0,-1938.97,2
2022-03-04,纳斯达克指数,13505.0,-1810.66,2
2022-03-08,纳斯达克指数,22453.0,7228.61,3
2022-03-09,纳斯达克指数,23112.0,7020.89,3
2022-03-10,纳斯达克指数,19783.0,3024.79,3
2022-03-11,纳斯达克指数,18154.0,1026.8,2
2022-03-15,纳斯达克指数,26088.0,8774.94,3
2022-03-16,纳斯达克指数,23554.0,5347.0,3
2022-03-17,纳斯达克指数,23141.0,4256.19,3
2022-03-18,纳斯达克指数,18077.0,-1160.27,2
2022-03-22,纳斯达克指数,15250.0,-3041.57,2
2022-03-23,纳斯达克指数,14872.0,-3254.81,2
2022-03-24,纳斯达克指数,15559.0,-2426.7,2
2022-03-25,纳斯达克指数,13998.0,-3810.27,2
2022-03-29,纳斯达克指数,14195.0,-2519.36,2
2022-03-30,纳斯达克指数,14297.0,-2272.54,2
2022-03-31,纳斯达克指数,14335.0,-2104.95,2
2022-04-07,纳斯达克指数,13069.0,-2664.7,2
2022-04-12,纳斯达克指数,14875.0,50.29,2
2022-04-13,纳斯达克指数,15001.0,126.8,2
2022-04-14,纳斯达克指数,14375.0,-519.34,2
2022-04-19,纳斯达克指数,13475.0,-351.18,2
2022-04-20,纳斯达克指数,14376.0,529.95,2
2022-04-21,纳斯达克指数,16434.0,2423.72,2
2022-04-22,纳斯达克指数,14734.0,554.34,2
2022-04-25,纳斯达克指数,14318.0,86.44,2
2022-04-26,纳斯达克指数,23459.0,8749.07,3
2022-04-27,纳斯达克指数,25024.0,9343.28,3
2022-04-28,纳斯达克指数,18213.0,1893.77,2
2022-04-29,纳斯达克指数,14960.0,-1451.83,2
2022-05-03,纳斯达克指数,15635.0,0.0,2
2022-05-04,纳斯达克指数,16948.0,0.0,2
2022-05-05,纳斯达克指数,25619.0,8757.49,3
2022-05-06,纳斯达克指数,35892.0,17582.57,3
2022-05-07,纳斯达克指数,17017.0,0.0,2
2022-05-09,纳斯达克指数,17158.0,-2071.53,2
2022-05-10,纳斯达克指数,32358.0,12454.33,3
2022-05-11,纳斯达克指数,28100.0,7035.52,3
2022-05-12,纳斯达克指数,30928.0,8863.58,3
2022-05-13,纳斯达克指数,24248.0,1452.71,2
2022-05-17,纳斯达克指数,19162.0,-2765.98,2
2022-05-18,纳斯达克指数,19397.0,-2437.16,2
2022-05-19,纳斯达克指数,28130.0,5944.1,3
2022-05-20,纳斯达克指数,22142.0,-500.82,2
2022-05-21,纳斯达克指数,15310.0,0.0,2
2022-05-24,纳斯达克指数,21697.0,-47.87,2
2022-05-25,纳斯达克指数,21358.0,-507.85,2
2022-05-26,纳斯达克指数,18743.0,-3085.34,2
2022-05-27,纳斯达克指数,16161.0,-5372.44,2
2022-06-01,纳斯达克指数,16311.0,-2722.81,2
2022-06-02,纳斯达克指数,14837.0,-3914.12,2
2022-06-07,纳斯达克指数,15089.0,-2430.44,2
2022-06-08,纳斯达克指数,14218.0,-3037.32,2
2022-06-09,纳斯达克指数,14880.0,-2120.12,2
2022-06-10,纳斯达克指数,16825.0,-67.41,2
2022-06-13,纳斯达克指数,15803.0,-1035.16,2
2022-06-14,纳斯达克指数,28668.0,11295.35,3
2022-06-15,纳斯达克指数,24276.0,5990.47,3
2022-06-16,纳斯达克指数,28244.0,9135.06,3
2022-06-17,纳斯达克指数,25959.0,6005.96,3
2022-06-21,纳斯达克指数,13713.0,-5083.86,2
2022-06-22,纳斯达克指数,17561.0,-966.25,2
2022-06-23,纳斯达克指数,17027.0,-1413.32,2
2022-06-24,纳斯达克指数,14337.0,-3862.83,2
2022-06-28,纳斯达克指数,14960.0,-1999.59,2
2022-06-29,纳斯达克指数,17820.0,922.08,2
2022-06-30,纳斯达克指数,17867.0,882.47,2
2022-07-01,纳斯达克指数,15831.0,-1135.64,2
2022-07-06,纳斯达克指数,17605.0,2136.71,2
2022-07-07,纳斯达克指数,15473.0,-61.72,2
2022-07-08,纳斯达克指数,13366.0,-2021.87,2
2022-07-12,纳斯达克指数,15273.0,744.41,2
2022-07-13,纳斯达克指数,16844.0,2222.06,2
2022-07-14,纳斯达克指数,17352.0,2539.57,2
2022-07-15,纳斯达克指数,14630.0,-250.74,2
2022-07-19,纳斯达克指数,14031.0,22.19,2
2022-07-20,纳斯达克指数,14612.0,635.98,2
2022-07-21,纳斯达克指数,14724.0,742.49,2
2022-07-22,纳斯达克指数,13188.0,-729.87,2
2022-07-26,纳斯达克指数,13424.0,290.82,2
2022-07-27,纳斯达克指数,14778.0,1625.93,2
2022-07-28,纳斯达克指数,17836.0,4446.67,3
2022-07-29,纳斯达克指数,14217.0,633.95,2
2022-08-02,纳斯达克指数,23405.0,9968.53,3
2022-08-03,纳斯达克指数,19021.0,4877.27,3
2022-08-04,纳斯达克指数,14086.0,-253.59,2
2022-08-10,纳斯达克指数,13491.0,320.11,2
2022-08-11,纳斯达克指数,13769.0,612.6,2
2022-08-23,纳斯达克指数,13967.0,2337.72,2
2022-08-24,纳斯达克指数,14360.0,2561.86,2
2022-08-25,纳斯达克指数,13555.0,1618.89,2
2022-08-30,纳斯达克指数,16109.0,4258.86,3
2022-08-31,纳斯达克指数,16740.0,4505.05,3
2022-09-01,纳斯达克指数,17688.0,5017.31,3
2022-09-02,纳斯达克指数,15605.0,2585.74,2
2022-09-07,纳斯达克指数,14837.0,2624.1,2
2022-09-08,纳斯达克指数,14142.0,1754.97,2
2022-09-13,纳斯达克指数,14653.0,2192.6,2
2022-09-14,纳斯达克指数,23917.0,10823.87,3
2022-09-15,纳斯达克指数,21044.0,7048.79,3
2022-09-16,纳斯达克指数,18777.0,4200.24,3
2022-09-20,纳斯达克指数,17058.0,2592.08,2
2022-09-21,纳斯达克指数,19303.0,4462.03,3
2022-09-22,纳斯达克指数,24815.0,9244.19,3
2022-09-23,纳斯达克指数,20531.0,4224.65,3
2022-09-27,纳斯达克指数,20554.0,4136.23,3
2022-09-28,纳斯达克指数,22117.0,5162.48,3
2022-09-29,纳斯达克指数,22147.0,4618.45,3
2022-09-30,纳斯达克指数,19910.0,1960.86,2
2022-10-04,纳斯达克指数,15329.0,0.0,2
2022-10-05,纳斯达克指数,16480.0,0.0,2
2022-10-06,纳斯达克指数,16857.0,0.0,2
2022-10-07,纳斯达克指数,16928.0,0.0,2
2022-10-11,纳斯达克指数,21899.0,4020.9,3
2022-10-12,纳斯达克指数,20800.0,2501.72,2
2022-10-13,纳斯达克指数,25580.0,6713.13,3
2022-10-14,纳斯达克指数,23467.0,3944.48,3
2022-10-18,纳斯达克指数,20554.0,1317.05,2
2022-10-19,纳斯达克指数,19766.0,339.87,2
2022-10-20,纳斯达克指数,18947.0,-572.36,2
2022-10-21,纳斯达克指数,17616.0,-1880.93,2
2022-10-24,纳斯达克指数,13218.0,-5972.78,2
2022-10-25,纳斯达克指数,20276.0,1239.62,2
2022-10-26,纳斯达克指数,19418.0,220.56,2
2022-10-27,纳斯达克指数,20424.0,1072.28,2
2022-10-28,纳斯达克指数,18808.0,-654.27,2
2022-10-31,纳斯达克指数,14233.0,-5023.75,2
2022-11-01,纳斯达克指数,21562.0,2361.6,2
2022-11-02,纳斯达克指数,21253.0,1760.1,2
2022-11-03,纳斯达克指数,25449.0,5495.42,3
2022-11-04,纳斯达克指数,18811.0,-1446.27,2
2022-11-08,纳斯达克指数,16037.0,-3179.82,2
2022-11-09,纳斯达克指数,15766.0,-3187.82,2
2022-11-10,纳斯达克指数,19966.0,1063.18,2
2022-11-11,纳斯达克指数,24322.0,5045.34,3
2022-11-15,纳斯达克指数,19782.0,884.36,2
2022-11-16,纳斯达克指数,19724.0,692.63,2
2022-11-17,纳斯达克指数,17199.0,-1827.33,2
2022-11-18,纳斯达克指数,14446.0,-4313.76,2
2022-11-22,纳斯达克指数,13743.0,-3571.11,2
2022-11-23,纳斯达克指数,15301.0,-1743.07,2
2022-11-24,纳斯达克指数,14358.0,-2466.43,2
2022-12-01,纳斯达克指数,13270.0,-920.72,2
2022-12-14,纳斯达克指数,13328.0,1639.51,2
2022-12-15,纳斯达克指数,13457.0,1705.44,2
2023-01-05,纳斯达克指数,12472.0,3221.13,1
2023-01-12,纳斯达克指数,12380.0,3007.41,1
2023-02-02,纳斯达克指数,14439.0,5550.82,3
2023-02-03,纳斯达克指数,14893.0,5522.41,3
2023-02-08,纳斯达克指数,12886.0,3288.51,1
2023-02-22,纳斯达克指数,13369.0,3715.57,3
2023-02-23,纳斯达克指数,13108.0,3149.95,3
2023-03-10,纳斯达克指数,13641.0,3577.57,3
2023-03-14,纳斯达克指数,17172.0,6684.24,3
2023-03-15,纳斯达克指数,16346.0,5255.56,3
2023-03-16,纳斯达克指数,17337.0,5680.32,3
2023-03-17,纳斯达克指数,14904.0,2794.53,2
2023-03-21,纳斯达克指数,13906.0,1950.43,2
2023-03-22,纳斯达克指数,14055.0,1881.68,2
2023-03-23,纳斯达克指数,16965.0,4439.61,3
2023-03-24,纳斯达克指数,13446.0,625.47,2
2023-11-14,纳斯达克指数,9463.0,3861.21,1
2023-12-21,纳斯达克指数,8766.0,3878.83,1
2024-01-04,纳斯达克指数,9521.0,4260.96,1
2024-01-05,纳斯达克指数,8907.0,3278.14,1
2024-01-17,纳斯达克指数,9791.0,3778.69,1
2024-01-23,纳斯达克指数,10371.0,3703.69,1
2024-02-02,纳斯达克指数,11057.0,3047.78,1
2024-02-22,纳斯达克指数,11660.0,3188.59,1
2024-03-12,纳斯达克指数,12742.0,3245.52,1
2024-04-10,纳斯达克指数,12278.0,4551.17,1
2024-04-25,纳斯达克指数,11629.0,3455.52,1
2024-06-04,纳斯达克指数,11389.0,4571.418,1
2024-06-12,纳斯达克指数,10574.0,3030.603,1
2022-01-28,上证50,2298.0,516.14,1
2022-03-08,上证50,2650.0,718.42,1
2022-03-09,上证50,3144.0,1114.33,3
2022-03-15,上证50,3591.0,1329.08,3
2022-03-16,上证50,3446.0,1050.06,3
2022-03-17,上证50,2733.0,255.68,2
2022-04-25,上证50,3562.0,1371.89,3
2022-04-26,上证50,3601.0,1269.27,3
2022-04-27,上证50,3053.0,615.46,3
2022-04-28,上证50,2750.0,256.77,2
2022-08-02,上证50,2089.0,611.28,1
2022-08-03,上证50,2105.0,574.4,1
2022-08-04,上证50,2169.0,585.31,1
2022-08-25,上证50,2407.0,771.75,1
2022-08-31,上证50,2789.0,1062.57,3
2022-10-24,上证50,3745.0,1474.1,3
2022-10-25,上证50,3387.0,980.12,3
2022-10-28,上证50,2941.0,387.51,2
2022-10-31,上证50,3181.0,563.65,3
2022-11-01,上证50,3265.0,572.9,3
2022-11-02,上证50,3034.0,280.37,2
2022-11-04,上证50,2749.0,-31.54,2
2022-11-29,上证50,2757.0,409.7,2
2023-02-20,上证50,2256.0,520.99,1
2023-05-30,上证50,2150.0,555.07,1
2023-05-31,上证50,2250.0,596.08,1
2023-07-25,上证50,2189.0,622.45,1
2023-07-28,上证50,2214.0,563.63,1
2023-08-28,上证50,2946.0,1087.59,3
2024-01-18,上证50,3388.0,1282.37,3
2024-01-22,上证50,3844.0,1539.61,3
2024-01-23,上证50,3162.0,727.71,3
2024-01-24,上证50,3059.0,543.56,3
2024-01-25,上证50,3186.0,594.65,3
2024-02-02,上证50,3286.0,556.23,3
2024-02-05,上证50,5633.0,2714.4,3
2024-02-06,上证50,3907.0,783.46,3
2024-02-07,上证50,3235.0,40.79,2
2024-02-08,上证50,2939.0,-272.14,2
2024-02-19,上证50,2754.0,-448.35,2
2024-02-21,上证50,3011.0,-140.01,2
2024-02-22,上证50,2793.0,-357.21,2
2024-04-15,上证50,2351.0,582.9,1
2024-04-16,上证50,2495.0,674.59,1
2022-03-09,中证500,4895.0,1685.65,1
2022-03-15,中证500,4784.0,1330.43,1
2022-03-16,中证500,5393.0,1761.02,1
2022-04-21,中证500,4260.0,1253.98,1
2022-04-22,中证500,4143.0,1018.74,1
2022-04-25,中证500,6110.0,2784.99,1
2022-04-26,中证500,5659.0,2073.46,1
2022-04-27,中证500,5018.0,1245.5,1
2023-01-30,中证500,5146.0,1750.98,1
2023-01-31,中证500,4454.0,921.67,1
2023-02-01,中证500,5010.0,1357.29,1
2023-02-02,中证500,5430.0,1617.76,1
2023-07-31,中证500,4435.0,926.87,1
2023-08-28,中证500,6834.0,2668.9,1
2023-08-29,中证500,5582.0,1203.84,1
2023-10-23,中证500,4763.0,1455.33,1
2023-10-24,中证500,4513.0,1083.99,1
2024-01-08,中证500,5490.0,2085.19,1
2024-01-17,中证500,5555.0,1798.27,1
2024-01-18,中证500,9654.0,5510.75,3
2024-01-22,中证500,11459.0,6572.59,3
2024-01-23,中证500,9304.0,3842.36,3
2024-01-24,中证500,7684.0,1877.31,1
2024-01-25,中证500,6946.0,937.62,1
2024-01-31,中证500,8631.0,2467.2,3
2024-02-01,中证500,8345.0,1897.23,3
2024-02-02,中证500,13365.0,6422.1,3
2024-02-05,中证500,14044.0,6363.08,3
2024-02-06,中证500,10805.0,2569.36,3
2024-02-07,中证500,12565.0,3891.27,3
2024-02-08,中证500,10998.0,1911.85,3
2024-02-19,中证500,8246.0,-1005.86,2
2024-05-06,中证500,4531.0,1088.43,1
2022-01-06,创业板指,14420.0,2867.28,1
2022-02-08,创业板指,19396.0,5284.34,1
2022-02-10,创业板指,18301.0,3337.35,1
2022-02-11,创业板指,19483.0,4042.41,1
2022-03-07,创业板指,20175.0,3643.74,3
2022-03-08,创业板指,22861.0,5754.45,3
2022-03-09,创业板指,24918.0,7047.04,3
2022-03-11,创业板指,20035.0,1441.82,2
2022-03-15,创业板指,23710.0,4502.66,3
2022-03-16,创业板指,22919.0,3175.39,3
2022-04-20,创业板指,20039.0,2928.32,3
2022-04-21,创业板指,21993.0,4462.08,3
2022-04-22,创业板指,21007.0,3040.3,3
2022-04-25,创业板指,25540.0,6996.04,3
2022-04-26,创业板指,25343.0,6052.15,3
2022-04-27,创业板指,24272.0,4354.32,3
2022-04-28,创业板指,23154.0,2766.45,2
2022-04-29,创业板指,20761.0,114.44,2
2022-06-14,创业板指,18879.0,3000.74,1
2022-08-02,创业板指,17821.0,2880.5,1
2022-09-15,创业板指,16947.0,3272.29,1
2022-09-16,创业板指,17303.0,3320.82,1
2023-06-07,创业板指,15434.0,3239.92,1
2023-06-08,创业板指,15593.0,3066.8,1
2023-08-22,创业板指,15262.0,3417.65,1
2023-08-28,创业板指,18872.0,5781.99,1
2023-08-29,创业板指,17246.0,3635.46,1
2023-09-15,创业板指,16443.0,3268.42,1
2024-01-05,创业板指,16767.0,3453.47,1
2024-01-17,创业板指,17490.0,2812.05,1
2024-01-18,创业板指,22954.0,7680.65,3
2024-01-22,创业板指,20471.0,4288.13,3
2024-01-24,创业板指,21273.0,4195.61,3
2024-01-29,创业板指,23598.0,5391.61,3
2024-01-30,创业板指,27583.0,8531.24,3
2024-01-31,创业板指,28066.0,8014.34,3
2024-02-01,创业板指,26308.0,5397.45,3
2024-02-02,创业板指,31778.0,9893.33,3
2024-02-05,创业板指,35079.0,11864.22,3
2024-02-06,创业板指,28890.0,4591.86,3
2024-02-07,创业板指,24337.0,-427.7,2
2024-02-08,创业板指,20950.0,-3848.36,2
2024-02-28,创业板指,20391.0,-1835.83,2
2022-04-11,科创50,2735.0,1254.55,1
2023-04-03,科创50,3449.0,997.5,1
2023-04-04,科创50,3437.0,877.19,1
2023-04-06,科创50,3569.0,903.31,1
2023-08-16,科创50,3936.0,1046.21,1
2023-08-17,科创50,4138.0,1130.56,1
2023-08-22,科创50,4527.0,1212.24,1
2023-08-23,科创50,4319.0,881.03,1
2023-08-28,科创50,4710.0,1008.01,1
2023-08-29,科创50,5240.0,1390.91,3
2023-08-30,科创50,5817.0,1777.69,3
2023-08-31,科创50,5069.0,862.73,1
2024-01-04,科创50,4100.0,888.51,1
2024-01-05,科创50,4639.0,1311.58,1
2024-01-08,科创50,5117.0,1632.13,1
2024-01-09,科创50,4625.0,995.25,1
2024-01-18,科创50,5182.0,1174.86,1
2024-01-25,科创50,5210.0,936.01,3
2024-01-30,科创50,6101.0,1561.63,3
2024-01-31,科创50,7082.0,2313.48,3
2024-02-01,科创50,5470.0,521.28,2
2024-02-02,科创50,6474.0,1389.35,3
2024-02-05,科创50,6093.0,852.69,3
2024-02-06,科创50,6391.0,1011.7,3
2024-02-07,科创50,5531.0,51.85,2
2024-02-27,科创50,5532.0,189.3,2
2024-02-28,科创50,5663.0,262.52,2
2024-02-29,科创50,6033.0,555.14,2
2024-03-01,科创50,5538.0,-4.45,2
2022-01-27,沪深300,5968.0,1377.97,1
2022-01-28,沪深300,6112.0,1363.5,1
2022-02-08,沪深300,6500.0,1498.11,1
2022-02-24,沪深300,7060.0,1557.48,1
2022-03-08,沪深300,8175.0,2397.93,3
2022-03-09,沪深300,10208.0,4065.36,3
2022-03-10,沪深300,7880.0,1414.38,1
2022-03-15,沪深300,11104.0,4071.5,3
2022-03-16,沪深300,11185.0,3692.95,3
2022-03-17,沪深300,9191.0,1369.53,3
2022-04-25,沪深300,11434.0,5016.07,3
2022-04-26,沪深300,11457.0,4527.41,3
2022-04-27,沪深300,9259.0,1963.75,3
2022-08-02,沪深300,5386.0,1370.31,1
2022-10-24,沪深300,5838.0,1619.58,1
2022-10-25,沪深300,5843.0,1461.87,1
2023-01-30,沪深300,5188.0,1279.99,1
2023-07-31,沪深300,5640.0,1443.5,1
2023-08-28,沪深300,9719.0,4608.79,3
2023-08-29,沪深300,6905.0,1456.31,1
2023-10-19,沪深300,5710.0,1432.15,1
2023-10-20,沪深300,6156.0,1720.13,1
2023-10-23,沪深300,6493.0,1872.11,1
2023-10-24,沪深300,6644.0,1827.77,1
2023-12-05,沪深300,5479.0,1409.11,1
2023-12-28,沪深300,5948.0,1213.89,1
2024-01-08,沪深300,6793.0,1825.42,1
2024-01-17,沪深300,6625.0,1479.8,1
2024-01-18,沪深300,10868.0,5354.2,3
2024-01-19,沪深300,7096.0,1218.2,1
2024-01-22,沪深300,10189.0,4008.46,3
2024-01-23,沪深300,8684.0,2145.68,3
2024-01-24,沪深300,8327.0,1550.46,3
2024-01-25,沪深300,9134.0,2115.94,3
2024-02-02,沪深300,9644.0,2170.96,3
2024-02-05,沪深300,12560.0,4672.71,3
2024-02-06,沪深300,9205.0,957.5,2
2024-02-07,沪深300,8570.0,187.82,2
2024-02-21,沪深300,9050.0,614.78,2
2024-02-22,沪深300,8070.0,-444.58,2
2024-02-23,沪深300,8066.0,-471.72,2
2024-02-28,沪深300,8232.0,-239.78,2
2024-04-16,沪深300,6758.0,1205.11,1
2022-02-11,螺纹钢,810.0,200.53,1
2022-02-16,螺纹钢,842.0,201.47,1
2022-02-17,螺纹钢,878.0,222.05,1
2022-02-24,螺纹钢,997.0,275.96,1
2022-03-01,螺纹钢,983.0,207.94,1
2022-03-02,螺纹钢,986.0,192.28,1
2022-03-07,螺纹钢,1096.0,258.67,3
2022-03-08,螺纹钢,1105.0,242.07,3
2022-03-09,螺纹钢,1116.0,228.38,3
2022-03-15,螺纹钢,1010.0,88.89,2
2022-03-31,螺纹钢,1013.0,60.69,2
2022-04-06,螺纹钢,1014.0,56.07,2
2022-04-25,螺纹钢,1034.0,116.34,2
2022-05-06,螺纹钢,1016.0,93.56,2
2022-05-18,螺纹钢,1000.0,76.07,0
2022-05-24,螺纹钢,1040.0,114.62,2
2022-06-17,螺纹钢,1066.0,217.91,3
2022-06-20,螺纹钢,1391.0,506.65,3
2022-06-21,螺纹钢,1197.0,272.59,3
2022-06-22,螺纹钢,1170.0,219.43,3
2022-06-23,螺纹钢,1057.0,89.15,2
2022-07-11,螺纹钢,1114.0,177.48,2
2022-07-12,螺纹钢,1233.0,272.61,3
2022-07-13,螺纹钢,1164.0,179.07,2
2022-07-14,螺纹钢,1216.0,209.23,3
2022-07-15,螺纹钢,1390.0,351.9,3
2022-07-18,螺纹钢,1217.0,149.92,2
2022-07-19,螺纹钢,1244.0,157.38,2
2022-07-20,螺纹钢,1096.0,-2.65,2
2022-07-21,螺纹钢,1103.0,0.29,2
2022-07-22,螺纹钢,1090.0,-16.08,2
2022-07-25,螺纹钢,1040.0,-65.98,2
2022-07-26,螺纹钢,1016.0,-86.14,2
2022-07-28,螺纹钢,1033.0,-55.62,2
2022-09-02,螺纹钢,1026.0,128.38,2
2022-09-07,螺纹钢,1034.0,128.97,2
2022-09-22,螺纹钢,1006.0,149.59,2
2022-10-28,螺纹钢,1033.0,186.17,2
2022-10-31,螺纹钢,1038.0,173.63,2
2023-02-01,螺纹钢,694.0,195.2,1
2023-02-06,螺纹钢,748.0,207.38,1
2023-02-07,螺纹钢,812.0,250.92,1
2023-02-08,螺纹钢,805.0,222.09,1
2023-02-09,螺纹钢,809.0,205.97,1
2023-02-13,螺纹钢,1141.0,490.74,3
2023-02-14,螺纹钢,1043.0,349.39,3
2023-02-15,螺纹钢,972.0,246.62,1
2023-02-16,螺纹钢,1079.0,322.46,3
2023-02-22,螺纹钢,1101.0,266.17,3
2023-03-09,螺纹钢,1184.0,261.8,3
2023-04-24,螺纹钢,1056.0,175.36,2
2023-04-25,螺纹钢,1122.0,219.41,3
2023-05-08,螺纹钢,1005.0,73.13,2
2023-05-24,螺纹钢,1061.0,190.33,3
2023-05-25,螺纹钢,1085.0,194.05,3
2023-06-06,螺纹钢,1037.0,104.31,2
2023-09-04,螺纹钢,1004.0,188.96,2
2023-09-05,螺纹钢,1401.0,547.97,3
2023-09-06,螺纹钢,1464.0,553.09,3
2023-09-07,螺纹钢,1417.0,451.76,3
2023-09-08,螺纹钢,1759.0,728.98,3
2023-09-09,螺纹钢,2251.0,0.0,2
2023-09-10,螺纹钢,1205.0,0.0,2
2023-09-11,螺纹钢,1386.0,297.65,3
2023-09-12,螺纹钢,1252.0,134.82,2
2023-09-13,螺纹钢,1071.0,-57.14,2
2023-09-14,螺纹钢,1019.0,-107.61,2
2023-09-15,螺纹钢,1142.0,13.46,2
2023-11-21,螺纹钢,1017.0,162.46,2
2023-12-19,螺纹钢,1203.0,418.07,3
2024-02-29,螺纹钢,824.0,191.1,1
2024-03-04,螺纹钢,922.0,259.32,1
2024-03-05,螺纹钢,894.0,208.42,1
2024-03-11,螺纹钢,1168.0,411.57,3
2024-03-12,螺纹钢,982.0,193.14,1
2024-03-13,螺纹钢,1116.0,299.72,3
2024-03-14,螺纹钢,1351.0,491.17,3
2024-03-15,螺纹钢,1249.0,342.37,3
2024-03-18,螺纹钢,1188.0,246.19,3
2024-03-19,螺纹钢,1134.0,165.43,2
2024-03-21,螺纹钢,1019.0,28.41,2
2024-04-10,螺纹钢,1014.0,58.06,2
2024-05-23,螺纹钢,1098.0,302.931,3
2022-02-08,热卷,213.0,48.94,1
2022-02-09,热卷,224.0,56.04,1
2022-02-24,热卷,224.0,41.0,1
2022-02-28,热卷,348.0,154.12,3
2022-03-01,热卷,350.0,141.2,3
2022-03-02,热卷,278.0,58.85,3
2022-03-03,热卷,340.0,111.76,3
2022-03-04,热卷,301.0,63.22,3
2022-03-07,热卷,289.0,44.92,3
2022-03-08,热卷,289.0,39.7,3
2022-03-09,热卷,283.0,29.18,2
2022-06-20,热卷,326.0,125.61,3
2022-06-21,热卷,257.0,47.82,1
2022-07-11,热卷,279.0,52.39,3
2022-07-14,热卷,293.0,55.92,3
2022-07-15,热卷,352.0,105.89,3
2022-07-18,热卷,277.0,23.34,2
2022-07-22,热卷,285.0,22.95,2
2022-10-28,热卷,227.0,40.79,1
2022-12-15,热卷,249.0,68.35,1
2023-01-05,热卷,213.0,38.11,1
2023-01-06,热卷,229.0,49.81,1
2023-01-31,热卷,203.0,36.29,1
2023-02-01,热卷,231.0,59.69,1
2023-02-02,热卷,225.0,48.34,1
2023-02-09,热卷,243.0,54.61,1
2023-02-16,热卷,239.0,44.09,1
2023-02-20,热卷,242.0,39.52,1
2023-03-09,热卷,258.0,43.86,1
2023-03-10,热卷,265.0,45.63,1
2023-04-24,热卷,262.0,35.85,1
2023-05-08,热卷,273.0,37.55,3
2023-07-21,热卷,241.0,46.88,1
2023-07-25,热卷,305.0,101.4,3
2023-07-26,热卷,278.0,65.89,3
2023-07-27,热卷,333.0,111.62,3
2023-07-28,热卷,323.0,90.83,3
2023-07-31,热卷,278.0,38.57,3
2023-08-01,热卷,274.0,30.28,2
2023-08-23,热卷,273.0,38.0,3
2023-08-28,热卷,276.0,36.58,3
2023-09-20,热卷,289.0,47.09,3
2023-11-08,热卷,252.0,54.22,1
2023-11-15,热卷,277.0,71.69,3
2023-11-16,热卷,254.0,43.11,1
2023-11-21,热卷,258.0,45.38,1
2023-12-04,热卷,264.0,52.99,1
2023-12-05,热卷,299.0,81.2,3
2023-12-07,热卷,291.0,63.48,3
2023-12-08,热卷,292.0,57.93,3
2024-02-20,热卷,229.0,72.01,1
2024-03-06,热卷,219.0,46.28,1
2024-03-11,热卷,248.0,69.83,1
2024-03-12,热卷,231.0,46.97,1
2024-03-13,热卷,238.0,49.03,1
2024-03-14,热卷,270.0,74.54,1
2024-03-18,热卷,300.0,91.88,3
2024-03-19,热卷,323.0,104.16,3
2024-03-20,热卷,271.0,43.68,3
2024-04-01,热卷,292.0,51.03,3
2024-04-02,热卷,297.0,49.66,3
2022-01-10,生猪,628.0,220.56,3
2022-01-11,生猪,522.0,101.85,1
2022-02-10,生猪,491.0,109.79,1
2022-02-14,生猪,507.0,111.8,1
2022-02-15,生猪,517.0,112.73,1
2022-02-21,生猪,525.0,107.27,1
2022-03-07,生猪,544.0,114.7,1
2022-03-14,生猪,624.0,173.84,3
2022-03-15,生猪,591.0,125.74,3
2022-03-16,生猪,621.0,141.91,3
2022-03-17,生猪,611.0,118.13,3
2022-03-21,生猪,627.0,116.41,3
2022-03-22,生猪,637.0,113.44,3
2022-03-23,生猪,665.0,127.59,3
2022-03-24,生猪,582.0,34.51,2
2022-03-25,生猪,574.0,21.73,2
2022-03-28,生猪,589.0,32.0,2
2022-03-29,生猪,587.0,25.03,2
2022-04-11,生猪,572.0,19.96,2
2022-04-18,生猪,761.0,222.63,3
2022-04-19,生猪,665.0,108.42,3
2022-04-20,生猪,591.0,25.99,2
2022-04-25,生猪,556.0,1.76,2
2022-05-17,生猪,659.0,170.84,3
2022-06-09,生猪,619.0,181.16,3
2022-07-04,生猪,1197.0,695.16,3
2022-07-05,生猪,1018.0,455.74,3
2022-07-06,生猪,772.0,174.84,3
2022-07-07,生猪,722.0,107.21,3
2022-07-08,生猪,753.0,122.91,3
2022-07-10,生猪,595.0,0.0,2
2022-07-11,生猪,670.0,28.4,2
2022-07-12,生猪,672.0,23.83,2
2022-07-13,生猪,652.0,-1.26,2
2022-07-14,生猪,710.0,50.24,2
2022-10-10,生猪,503.0,155.36,1
2022-10-14,生猪,469.0,96.49,1
2022-10-18,生猪,508.0,120.64,1
2022-10-19,生猪,564.0,162.89,3
2022-10-20,生猪,602.0,183.5,3
2022-10-26,生猪,558.0,109.66,3
2022-11-09,生猪,552.0,104.99,3
2022-12-07,生猪,610.0,127.37,3
2022-12-08,生猪,725.0,223.1,3
2022-12-12,生猪,815.0,284.87,3
2022-12-13,生猪,697.0,142.51,3
2022-12-14,生猪,621.0,53.6,2
2022-12-16,生猪,684.0,107.33,3
2022-12-19,生猪,672.0,82.41,2
2022-12-20,生猪,612.0,14.09,2
2022-12-21,生猪,668.0,62.66,2
2022-12-22,生猪,553.0,-56.21,2
2022-12-26,生猪,589.0,-12.39,2
2023-01-04,生猪,553.0,-3.04,2
2023-01-11,生猪,609.0,59.99,2
2023-01-12,生猪,586.0,30.98,2
2023-01-30,生猪,603.0,86.53,2
2023-02-03,生猪,552.0,35.56,2
2023-02-06,生猪,554.0,33.75,2
2023-03-13,生猪,535.0,111.87,1
2023-03-14,生猪,535.0,102.45,1
2023-06-16,生猪,567.0,110.53,3
2023-07-03,生猪,596.0,126.46,3
2023-07-04,生猪,557.0,76.43,2
2023-07-10,生猪,567.0,67.83,2
2023-07-11,生猪,557.0,50.54,2
2023-07-13,生猪,626.0,105.31,3
2023-07-31,生猪,615.0,109.83,3
2023-08-01,生猪,569.0,54.46,2
2023-08-02,生猪,559.0,38.57,2
2023-10-09,生猪,560.0,185.25,3
2023-10-10,生猪,492.0,103.81,1
2023-10-12,生猪,499.0,98.4,1
2023-10-27,生猪,531.0,121.75,1
2023-11-14,生猪,493.0,90.14,1
2023-11-27,生猪,613.0,188.08,3
2023-12-01,生猪,570.0,128.05,3
2023-12-04,生猪,632.0,173.79,3
2023-12-05,生猪,655.0,177.55,3
2023-12-06,生猪,583.0,90.2,3
2023-12-14,生猪,592.0,96.42,3
2023-12-19,生猪,586.0,75.57,2
2024-03-11,生猪,469.0,90.6,1
2024-03-21,生猪,497.0,107.33,1
2022-02-07,豆粕价格,343.0,134.73,3
2022-02-08,豆粕价格,361.0,138.97,3
2022-02-09,豆粕价格,352.0,116.78,3
2022-02-10,豆粕价格,432.0,181.06,3
2022-02-11,豆粕价格,374.0,107.44,3
2022-02-12,豆粕价格,283.0,0.0,2
2022-02-13,豆粕价格,312.0,0.0,2
2022-02-14,豆粕价格,339.0,62.59,3
2022-02-15,豆粕价格,324.0,40.98,2
2022-02-16,豆粕价格,358.0,67.94,3
2022-02-17,豆粕价格,362.0,63.59,3
2022-02-18,豆粕价格,340.0,34.79,2
2022-02-19,豆粕价格,304.0,0.0,2
2022-02-20,豆粕价格,296.0,0.0,2
2022-02-21,豆粕价格,409.0,95.22,3
2022-02-22,豆粕价格,409.0,83.92,3
2022-02-23,豆粕价格,456.0,118.2,3
2022-02-24,豆粕价格,634.0,273.37,3
2022-02-25,豆粕价格,581.0,193.13,3
2022-02-26,豆粕价格,480.0,0.0,2
2022-02-27,豆粕价格,443.0,0.0,2
2022-02-28,豆粕价格,572.0,162.06,3
2022-03-01,豆粕价格,454.0,30.0,2
2022-03-02,豆粕价格,427.0,-2.76,2
2022-03-03,豆粕价格,370.0,-60.83,2
2022-03-04,豆粕价格,398.0,-32.29,2
2022-03-05,豆粕价格,349.0,0.0,2
2022-03-06,豆粕价格,388.0,0.0,2
2022-03-07,豆粕价格,455.0,21.12,2
2022-03-08,豆粕价格,438.0,-1.08,2
2022-03-09,豆粕价格,466.0,21.67,2
2022-03-10,豆粕价格,515.0,62.11,3
2022-03-11,豆粕价格,405.0,-52.7,2
2022-03-12,豆粕价格,350.0,0.0,2
2022-03-13,豆粕价格,327.0,0.0,2
2022-03-14,豆粕价格,459.0,-0.28,2
2022-03-15,豆粕价格,398.0,-62.29,2
2022-03-16,豆粕价格,376.0,-81.03,2
2022-03-17,豆粕价格,390.0,-63.51,2
2022-03-18,豆粕价格,446.0,-7.62,2
2022-03-19,豆粕价格,400.0,0.0,2
2022-03-20,豆粕价格,379.0,0.0,2
2022-03-21,豆粕价格,498.0,39.04,2
2022-03-22,豆粕价格,503.0,36.37,2
2022-03-23,豆粕价格,517.0,42.43,2
2022-03-24,豆粕价格,482.0,1.21,2
2022-03-25,豆粕价格,494.0,8.69,2
2022-03-26,豆粕价格,438.0,0.0,2
2022-03-27,豆粕价格,458.0,0.0,2
2022-03-28,豆粕价格,525.0,33.48,2
2022-03-29,豆粕价格,558.0,57.67,3
2022-03-30,豆粕价格,551.0,41.33,2
2022-03-31,豆粕价格,503.0,-12.5,2
2022-04-01,豆粕价格,558.0,36.87,2
2022-04-02,豆粕价格,454.0,0.0,2
2022-04-03,豆粕价格,373.0,0.0,2
2022-04-04,豆粕价格,523.0,0.0,2
2022-04-05,豆粕价格,495.0,0.0,2
2022-04-06,豆粕价格,510.0,-16.58,2
2022-04-07,豆粕价格,437.0,-88.55,2
2022-04-08,豆粕价格,386.0,-132.36,2
2022-04-09,豆粕价格,339.0,0.0,2
2022-04-10,豆粕价格,348.0,0.0,2
2022-04-11,豆粕价格,369.0,-139.25,2
2022-04-12,豆粕价格,354.0,-143.22,2
2022-04-13,豆粕价格,344.0,-141.69,2
2022-04-14,豆粕价格,334.0,-139.95,2
2022-04-15,豆粕价格,335.0,-127.58,2
2022-04-16,豆粕价格,296.0,0.0,2
2022-04-17,豆粕价格,274.0,0.0,2
2022-04-18,豆粕价格,292.0,-157.92,2
2022-04-19,豆粕价格,307.0,-129.77,2
2022-04-20,豆粕价格,307.0,-118.3,2
2022-04-21,豆粕价格,322.0,-93.4,2
2022-04-22,豆粕价格,272.0,-132.48,0
2022-04-24,豆粕价格,278.0,0.0,2
2022-04-25,豆粕价格,295.0,-98.02,2
2022-04-26,豆粕价格,307.0,-77.14,2
2022-04-27,豆粕价格,316.0,-60.95,2
2022-04-28,豆粕价格,334.0,-37.63,2
2022-04-29,豆粕价格,274.0,-90.64,2
2022-05-05,豆粕价格,318.0,-39.38,2
2022-05-06,豆粕价格,278.0,-72.88,2
2022-05-09,豆粕价格,285.0,-58.26,2
2022-05-10,豆粕价格,363.0,22.59,2
2022-05-11,豆粕价格,345.0,4.23,2
2022-05-12,豆粕价格,322.0,-17.1,2
2022-05-13,豆粕价格,298.0,-37.26,2
2022-05-16,豆粕价格,318.0,-13.53,2
2022-05-17,豆粕价格,298.0,-30.11,2
2022-05-23,豆粕价格,280.0,-21.9,2
2022-05-26,豆粕价格,276.0,-11.89,2
2022-05-27,豆粕价格,280.0,-5.06,2
2022-05-30,豆粕价格,281.0,-1.73,2
2022-06-01,豆粕价格,275.0,-1.91,2
2022-06-13,豆粕价格,274.0,18.47,2
2022-06-23,豆粕价格,299.0,56.79,3
2022-06-24,豆粕价格,329.0,81.68,3
2022-06-27,豆粕价格,302.0,49.75,3
2022-06-28,豆粕价格,272.0,17.96,0
2022-06-30,豆粕价格,281.0,27.29,2
2022-07-01,豆粕价格,284.0,28.93,2
2022-07-04,豆粕价格,288.0,31.29,2
2022-07-05,豆粕价格,274.0,16.23,2
2022-07-06,豆粕价格,300.0,40.62,2
2022-08-23,豆粕价格,307.0,69.29,3
2022-08-30,豆粕价格,280.0,33.78,2
2022-09-06,豆粕价格,274.0,23.93,2
2022-09-07,豆粕价格,303.0,49.46,3
2022-09-08,豆粕价格,295.0,37.2,2
2022-09-13,豆粕价格,460.0,189.97,3
2022-09-14,豆粕价格,373.0,88.32,3
2022-09-15,豆粕价格,336.0,43.9,2
2022-09-16,豆粕价格,333.0,36.02,2
2022-09-17,豆粕价格,322.0,0.0,2
2022-09-18,豆粕价格,276.0,0.0,2
2022-09-19,豆粕价格,365.0,62.1,3
2022-09-20,豆粕价格,380.0,69.31,3
2022-09-21,豆粕价格,449.0,126.98,3
2022-09-22,豆粕价格,469.0,132.13,3
2022-09-23,豆粕价格,460.0,108.88,3
2022-09-24,豆粕价格,377.0,0.0,2
2022-09-25,豆粕价格,403.0,0.0,2
2022-09-26,豆粕价格,603.0,232.12,3
2022-09-27,豆粕价格,524.0,131.72,3
2022-09-28,豆粕价格,500.0,93.07,3
2022-09-29,豆粕价格,439.0,22.78,2
2022-09-30,豆粕价格,372.0,-46.42,2
2022-10-01,豆粕价格,313.0,0.0,2
2022-10-02,豆粕价格,308.0,0.0,2
2022-10-03,豆粕价格,361.0,0.0,2
2022-10-04,豆粕价格,392.0,0.0,2
2022-10-05,豆粕价格,367.0,0.0,2
2022-10-06,豆粕价格,376.0,0.0,2
2022-10-07,豆粕价格,375.0,0.0,2
2022-10-08,豆粕价格,447.0,0.0,2
2022-10-09,豆粕价格,455.0,0.0,2
2022-10-10,豆粕价格,446.0,25.29,2
2022-10-11,豆粕价格,415.0,-9.88,2
2022-10-12,豆粕价格,412.0,-14.97,2
2022-10-13,豆粕价格,483.0,50.81,3
2022-10-14,豆粕价格,419.0,-18.28,2
2022-10-15,豆粕价格,422.0,0.0,2
2022-10-16,豆粕价格,405.0,0.0,2
2022-10-17,豆粕价格,497.0,54.4,3
2022-10-18,豆粕价格,494.0,42.86,2
2022-10-19,豆粕价格,461.0,3.82,2
2022-10-20,豆粕价格,443.0,-17.17,2
2022-10-21,豆粕价格,379.0,-79.79,2
2022-10-22,豆粕价格,313.0,0.0,2
2022-10-23,豆粕价格,342.0,0.0,2
2022-10-24,豆粕价格,389.0,-65.77,2
2022-10-25,豆粕价格,323.0,-125.19,2
2022-10-26,豆粕价格,336.0,-103.41,2
2022-10-27,豆粕价格,295.0,-134.83,2
2022-10-28,豆粕价格,313.0,-106.76,2
2022-10-30,豆粕价格,280.0,0.0,2
2022-10-31,豆粕价格,321.0,-90.67,2
2022-11-01,豆粕价格,362.0,-44.55,2
2022-11-02,豆粕价格,373.0,-31.33,2
2022-11-03,豆粕价格,323.0,-77.31,2
2022-11-04,豆粕价格,320.0,-73.93,2
2022-11-05,豆粕价格,277.0,0.0,2
2022-11-06,豆粕价格,304.0,0.0,2
2022-11-07,豆粕价格,408.0,15.8,2
2022-11-08,豆粕价格,365.0,-27.78,2
2022-11-09,豆粕价格,375.0,-16.66,2
2022-11-10,豆粕价格,379.0,-12.29,2
2022-11-11,豆粕价格,358.0,-32.08,2
2022-11-12,豆粕价格,316.0,0.0,2
2022-11-13,豆粕价格,317.0,0.0,2
2022-11-14,豆粕价格,365.0,-23.24,2
2022-11-15,豆粕价格,428.0,38.03,2
2022-11-16,豆粕价格,420.0,25.74,2
2022-11-17,豆粕价格,352.0,-42.46,2
2022-11-18,豆粕价格,365.0,-26.9,2
2022-11-19,豆粕价格,345.0,0.0,2
2022-11-20,豆粕价格,363.0,0.0,2
2022-11-21,豆粕价格,407.0,14.78,2
2022-11-22,豆粕价格,402.0,7.67,2
2022-11-23,豆粕价格,337.0,-55.79,2
2022-11-24,豆粕价格,372.0,-17.87,2
2022-11-25,豆粕价格,348.0,-39.69,2
2022-11-26,豆粕价格,297.0,0.0,2
2022-11-27,豆粕价格,281.0,0.0,2
2022-11-28,豆粕价格,383.0,-3.19,2
2022-11-29,豆粕价格,327.0,-56.75,2
2022-11-30,豆粕价格,323.0,-55.51,2
2022-12-01,豆粕价格,297.0,-75.17,2
2022-12-02,豆粕价格,301.0,-64.21,2
2022-12-03,豆粕价格,315.0,0.0,2
2022-12-04,豆粕价格,306.0,0.0,2
2022-12-05,豆粕价格,343.0,-18.03,2
2022-12-06,豆粕价格,360.0,-0.07,2
2022-12-07,豆粕价格,343.0,-16.19,2
2022-12-08,豆粕价格,452.0,89.09,3
2022-12-09,豆粕价格,375.0,7.06,2
2022-12-10,豆粕价格,297.0,0.0,2
2022-12-11,豆粕价格,303.0,0.0,2
2022-12-12,豆粕价格,324.0,-42.27,2
2022-12-14,豆粕价格,283.0,-66.57,2
2022-12-20,豆粕价格,280.0,-40.0,2
2022-12-21,豆粕价格,280.0,-35.1,2
2022-12-22,豆粕价格,285.0,-25.84,2
2022-12-26,豆粕价格,299.0,-2.45,2
2022-12-27,豆粕价格,287.0,-12.33,2
2023-01-03,豆粕价格,283.0,2.99,2
2023-01-05,豆粕价格,272.0,-3.81,0
2023-01-30,豆粕价格,284.0,61.01,3
2023-02-01,豆粕价格,292.0,64.7,3
2023-02-06,豆粕价格,288.0,56.66,3
2023-02-08,豆粕价格,292.0,54.86,3
2023-02-09,豆粕价格,285.0,44.43,2
2023-02-10,豆粕价格,278.0,34.9,2
2023-02-13,豆粕价格,318.0,70.9,3
2023-02-14,豆粕价格,273.0,22.41,2
2023-02-20,豆粕价格,282.0,30.31,2
2023-02-22,豆粕价格,281.0,27.36,2
2023-02-23,豆粕价格,286.0,30.35,2
2023-02-24,豆粕价格,288.0,30.11,2
2023-02-28,豆粕价格,303.0,41.85,2
2023-03-01,豆粕价格,302.0,37.43,2
2023-03-02,豆粕价格,283.0,16.24,2
2023-03-03,豆粕价格,283.0,15.14,2
2023-03-06,豆粕价格,278.0,9.35,2
2023-03-08,豆粕价格,294.0,25.12,2
2023-03-09,豆粕价格,339.0,65.83,3
2023-03-10,豆粕价格,276.0,-0.27,2
2023-03-14,豆粕价格,277.0,1.7,2
2023-03-15,豆粕价格,301.0,24.56,2
2023-03-17,豆粕价格,289.0,12.36,2
2023-03-18,豆粕价格,280.0,0.0,2
2023-03-19,豆粕价格,275.0,0.0,2
2023-03-20,豆粕价格,426.0,141.55,3
2023-03-21,豆粕价格,366.0,70.52,3
2023-03-22,豆粕价格,353.0,50.91,3
2023-03-23,豆粕价格,405.0,94.88,3
2023-03-24,豆粕价格,421.0,100.1,3
2023-03-25,豆粕价格,297.0,0.0,2
2023-03-27,豆粕价格,360.0,31.37,2
2023-03-28,豆粕价格,347.0,14.89,2
2023-03-29,豆粕价格,320.0,-13.33,2
2023-03-30,豆粕价格,344.0,9.71,2
2023-03-31,豆粕价格,305.0,-29.4,2
2023-04-02,豆粕价格,292.0,0.0,2
2023-04-03,豆粕价格,390.0,53.25,3
2023-04-04,豆粕价格,327.0,-12.98,2
2023-04-05,豆粕价格,276.0,0.0,2
2023-04-06,豆粕价格,362.0,20.43,2
2023-04-07,豆粕价格,329.0,-14.1,2
2023-04-09,豆粕价格,273.0,0.0,2
2023-04-10,豆粕价格,336.0,-7.21,2
2023-04-11,豆粕价格,296.0,-45.65,2
2023-04-13,豆粕价格,299.0,-33.09,2
2023-04-14,豆粕价格,318.0,-12.54,2
2023-04-15,豆粕价格,287.0,0.0,2
2023-04-16,豆粕价格,312.0,0.0,2
2023-04-17,豆粕价格,343.0,11.74,2
2023-04-18,豆粕价格,313.0,-18.66,2
2023-04-19,豆粕价格,343.0,10.99,2
2023-04-20,豆粕价格,373.0,37.72,2
2023-04-21,豆粕价格,302.0,-34.27,2
2023-04-23,豆粕价格,304.0,0.0,2
2023-04-24,豆粕价格,327.0,-7.89,2
2023-04-25,豆粕价格,275.0,-57.26,2
2023-04-26,豆粕价格,275.0,-52.24,2
2023-04-27,豆粕价格,293.0,-30.47,2
2023-05-04,豆粕价格,290.0,-26.0,2
2023-05-05,豆粕价格,295.0,-18.88,2
2023-05-06,豆粕价格,295.0,0.0,2
2023-05-07,豆粕价格,272.0,0.0,0
2023-05-08,豆粕价格,304.0,-8.6,2
2023-05-09,豆粕价格,296.0,-15.46,2
2023-05-10,豆粕价格,298.0,-12.11,2
2023-05-11,豆粕价格,292.0,-16.66,2
2023-05-12,豆粕价格,299.0,-8.37,2
2023-05-14,豆粕价格,275.0,0.0,2
2023-05-15,豆粕价格,305.0,-1.81,2
2023-05-16,豆粕价格,278.0,-27.27,2
2023-05-17,豆粕价格,298.0,-5.49,2
2023-05-18,豆粕价格,307.0,3.72,2
2023-05-22,豆粕价格,274.0,-24.05,2
2023-05-23,豆粕价格,294.0,-2.42,2
2023-05-24,豆粕价格,303.0,6.64,2
2023-05-25,豆粕价格,305.0,8.15,2
2023-05-29,豆粕价格,332.0,36.63,2
2023-05-30,豆粕价格,309.0,11.41,2
2023-05-31,豆粕价格,290.0,-7.57,2
2023-06-01,豆粕价格,317.0,19.05,2
2023-06-02,豆粕价格,344.0,43.02,2
2023-06-04,豆粕价格,285.0,0.0,2
2023-06-05,豆粕价格,288.0,-14.35,2
2023-06-06,豆粕价格,372.0,66.99,3
2023-06-07,豆粕价格,284.0,-23.27,2
2023-06-08,豆粕价格,282.0,-22.92,2
2023-06-09,豆粕价格,291.0,-12.09,2
2023-06-12,豆粕价格,278.0,-23.2,2
2023-06-13,豆粕价格,277.0,-21.76,2
2023-06-14,豆粕价格,278.0,-18.5,2
2023-06-16,豆粕价格,279.0,-12.88,2
2023-06-19,豆粕价格,288.0,-2.75,2
2023-06-25,豆粕价格,306.0,0.0,2
2023-06-26,豆粕价格,298.0,14.47,2
2023-07-03,豆粕价格,377.0,98.41,3
2023-07-04,豆粕价格,314.0,29.32,2
2023-07-05,豆粕价格,314.0,26.79,2
2023-07-07,豆粕价格,273.0,-12.45,2
2023-07-10,豆粕价格,292.0,7.16,2
2023-07-11,豆粕价格,281.0,-3.67,2
2023-07-12,豆粕价格,297.0,12.22,2
2023-07-18,豆粕价格,306.0,28.26,2
2023-07-19,豆粕价格,301.0,21.16,2
2023-07-27,豆粕价格,295.0,22.55,2
2023-08-01,豆粕价格,274.0,6.71,2
2023-08-08,豆粕价格,278.0,14.06,2
2023-08-10,豆粕价格,301.0,36.16,2
2023-08-14,豆粕价格,301.0,34.29,2
2023-08-16,豆粕价格,304.0,34.35,2
2023-08-17,豆粕价格,330.0,56.05,3
2023-08-18,豆粕价格,305.0,27.0,2
2023-08-19,豆粕价格,279.0,0.0,2
2023-08-20,豆粕价格,295.0,0.0,2
2023-08-21,豆粕价格,439.0,151.87,3
2023-08-22,豆粕价格,309.0,13.22,2
2023-08-23,豆粕价格,320.0,22.1,2
2023-08-24,豆粕价格,277.0,-21.29,2
2023-08-28,豆粕价格,278.0,-15.76,2
2023-08-29,豆粕价格,295.0,1.76,2
2023-09-08,豆粕价格,327.0,48.63,3
2023-09-12,豆粕价格,285.0,6.63,2
2023-09-13,豆粕价格,273.0,-5.26,2
2023-10-11,豆粕价格,272.0,22.76,0
2023-10-12,豆粕价格,273.0,22.16,2
2023-10-13,豆粕价格,282.0,29.16,2
2023-10-16,豆粕价格,287.0,31.6,2
2023-10-19,豆粕价格,272.0,15.84,0
2024-01-02,豆粕价格,257.0,50.58,1
2024-02-26,豆粕价格,281.0,66.19,3
2024-03-06,豆粕价格,278.0,48.44,3
2024-03-11,豆粕价格,314.0,77.87,3
2024-03-12,豆粕价格,286.0,43.31,2
2024-05-07,豆粕价格,264.0,46.47,1
2022-01-18,原油,1461.0,191.81,1
2022-01-19,原油,1870.0,565.19,3
2022-01-20,原油,2124.0,753.4,3
2022-01-21,原油,1594.0,176.08,3
2022-01-27,原油,1699.0,246.94,3
2022-01-28,原油,1503.0,35.21,2
2022-02-04,原油,1727.0,0.0,2
2022-02-07,原油,2016.0,518.02,3
2022-02-08,原油,2018.0,466.7,3
2022-02-09,原油,2022.0,421.12,3
2022-02-10,原油,1909.0,267.71,3
2022-02-11,原油,1916.0,242.66,3
2022-02-12,原油,1879.0,0.0,2
2022-02-14,原油,2484.0,752.74,3
2022-02-15,原油,2803.0,974.51,3
2022-02-16,原油,2715.0,785.31,3
2022-02-17,原油,3020.0,986.19,3
2022-02-18,原油,2609.0,484.37,3
2022-02-21,原油,2225.0,55.94,2
2022-02-22,原油,3443.0,1192.04,3
2022-02-23,原油,2955.0,592.62,3
2022-02-24,原油,8833.0,6101.85,3
2022-02-25,原油,5817.0,2603.81,3
2022-02-26,原油,2671.0,0.0,2
2022-02-27,原油,2130.0,0.0,2
2022-02-28,原油,3955.0,537.34,3
2022-03-01,原油,3868.0,358.37,3
2022-03-02,原油,6593.0,2869.11,3
2022-03-03,原油,6871.0,2801.7,3
2022-03-04,原油,5492.0,1158.67,3
2022-03-05,原油,3377.0,0.0,2
2022-03-06,原油,2360.0,0.0,2
2022-03-07,原油,9441.0,4737.87,3
2022-03-08,原油,9295.0,4063.45,3
2022-03-09,原油,10359.0,4594.88,3
2022-03-10,原油,13401.0,6943.34,3
2022-03-11,原油,8933.0,1906.28,3
2022-03-12,原油,4061.0,0.0,2
2022-03-13,原油,3339.0,0.0,2
2022-03-14,原油,5891.0,-1288.85,2
2022-03-15,原油,7967.0,696.07,3
2022-03-16,原油,8004.0,547.4,3
2022-03-17,原油,7239.0,-350.55,2
2022-03-18,原油,5037.0,-2526.12,2
2022-03-19,原油,2558.0,0.0,2
2022-03-20,原油,2056.0,0.0,2
2022-03-21,原油,4140.0,-3242.69,2
2022-03-22,原油,4513.0,-2673.99,2
2022-03-23,原油,4289.0,-2721.58,2
2022-03-24,原油,4429.0,-2411.7,2
2022-03-25,原油,3720.0,-2933.08,2
2022-03-26,原油,2331.0,0.0,2
2022-03-27,原油,1819.0,0.0,2
2022-03-28,原油,4000.0,-2456.13,2
2022-03-29,原油,5042.0,-1295.16,2
2022-03-30,原油,4774.0,-1489.47,2
2022-03-31,原油,4457.0,-1707.69,2
2022-04-01,原油,3852.0,-2174.15,2
2022-04-02,原油,2246.0,0.0,2
2022-04-03,原油,1527.0,0.0,2
2022-04-04,原油,2143.0,0.0,2
2022-04-05,原油,2431.0,0.0,2
2022-04-06,原油,2921.0,-2899.59,2
2022-04-07,原油,3410.0,-2197.17,2
2022-04-08,原油,2851.0,-2554.0,2
2022-04-09,原油,1526.0,0.0,2
2022-04-11,原油,2893.0,-2298.32,2
2022-04-12,原油,2979.0,-2020.0,2
2022-04-13,原油,3140.0,-1692.47,2
2022-04-14,原油,2680.0,-1982.98,2
2022-04-15,原油,2557.0,-1919.84,2
2022-04-18,原油,2584.0,-1715.47,2
2022-04-19,原油,2652.0,-1487.76,2
2022-04-20,原油,2655.0,-1340.33,2
2022-04-21,原油,2598.0,-1260.95,2
2022-04-22,原油,2297.0,-1418.12,2
2022-04-25,原油,3024.0,-579.17,2
2022-04-26,原油,2981.0,-552.56,2
2022-04-27,原油,2677.0,-775.27,2
2022-04-28,原油,2295.0,-1048.47,2
2022-04-29,原油,1842.0,-1359.92,2
2022-05-03,原油,1572.0,0.0,2
2022-05-04,原油,1849.0,0.0,2
2022-05-05,原油,2465.0,-614.72,2
2022-05-06,原油,2391.0,-603.23,2
2022-05-09,原油,2258.0,-647.44,2
2022-05-10,原油,3135.0,274.41,3
2022-05-11,原油,2832.0,-16.04,2
2022-05-12,原油,2546.0,-261.97,2
2022-05-13,原油,2194.0,-546.02,2
2022-05-16,原油,2317.0,-349.45,2
2022-05-17,原油,2406.0,-203.5,2
2022-05-18,原油,2207.0,-345.05,2
2022-05-19,原油,2329.0,-166.78,2
2022-05-20,原油,1742.0,-679.47,2
2022-05-23,原油,1808.0,-519.72,2
2022-05-24,原油,1745.0,-496.88,2
2022-05-25,原油,1730.0,-429.39,2
2022-05-26,原油,1830.0,-258.08,2
2022-05-27,原油,2010.0,-26.78,2
2022-05-30,原油,2181.0,173.47,3
2022-05-31,原油,2707.0,691.25,3
2022-06-01,原油,2159.0,135.83,2
2022-06-02,原油,2227.0,219.82,3
2022-06-03,原油,1685.0,0.0,2
2022-06-06,原油,2499.0,489.0,3
2022-06-07,原油,2188.0,176.49,3
2022-06-08,原油,2330.0,324.65,3
2022-06-09,原油,2694.0,668.58,3
2022-06-10,原油,2217.0,177.84,3
2022-06-13,原油,2445.0,404.69,3
2022-06-14,原油,2752.0,683.51,3
2022-06-15,原油,2646.0,540.83,3
2022-06-16,原油,2587.0,455.39,3
2022-06-17,原油,2607.0,452.23,3
2022-06-18,原油,2320.0,0.0,2
2022-06-19,原油,1502.0,0.0,2
2022-06-20,原油,3603.0,1376.07,3
2022-06-21,原油,3207.0,883.12,3
2022-06-22,原油,3771.0,1348.63,3
2022-06-23,原油,3566.0,1034.34,3
2022-06-24,原油,2980.0,385.93,3
2022-06-27,原油,2584.0,-19.61,2
2022-06-28,原油,2633.0,37.47,2
2022-06-29,原油,2665.0,72.72,2
2022-06-30,原油,2681.0,89.15,2
2022-07-01,原油,2579.0,-8.42,2
2022-07-04,原油,2146.0,-411.11,2
2022-07-05,原油,3112.0,556.41,3
2022-07-06,原油,6427.0,3661.23,3
2022-07-07,原油,4500.0,1470.99,3
2022-07-08,原油,3503.0,374.71,3
2022-07-09,原油,1532.0,0.0,2
2022-07-11,原油,2858.0,-281.0,2
2022-07-12,原油,3197.0,63.34,2
2022-07-13,原油,3721.0,549.81,3
2022-07-14,原油,3375.0,160.43,3
2022-07-15,原油,3243.0,12.05,2
2022-07-16,原油,1582.0,0.0,2
2022-07-18,原油,2950.0,-274.94,2
2022-07-19,原油,2816.0,-382.11,2
2022-07-20,原油,2466.0,-683.22,2
2022-07-21,原油,2562.0,-529.28,2
2022-07-22,原油,2319.0,-711.29,2
2022-07-25,原油,2383.0,-581.93,2
2022-07-26,原油,2484.0,-428.56,2
2022-07-27,原油,2119.0,-732.06,2
2022-07-28,原油,2248.0,-534.53,2
2022-07-29,原油,2045.0,-670.53,2
2022-08-01,原油,2149.0,-499.75,2
2022-08-02,原油,2776.0,152.8,2
2022-08-03,原油,2184.0,-417.46,2
2022-08-04,原油,2492.0,-75.52,2
2022-08-05,原油,2812.0,244.68,3
2022-08-08,原油,2532.0,-37.33,2
2022-08-09,原油,2418.0,-133.94,2
2022-08-10,原油,1903.0,-602.0,2
2022-08-11,原油,1821.0,-611.3,2
2022-08-12,原油,1812.0,-548.77,2
2022-08-15,原油,2065.0,-241.9,2
2022-08-16,原油,1957.0,-307.52,2
2022-08-17,原油,1859.0,-356.47,2
2022-08-18,原油,1656.0,-499.57,2
2022-08-19,原油,1673.0,-418.33,2
2022-08-22,原油,1725.0,-310.69,2
2022-08-23,原油,1956.0,-42.61,2
2022-08-24,原油,1983.0,5.51,2
2022-08-25,原油,1712.0,-234.36,2
2022-08-26,原油,1512.0,-382.76,2
2022-08-30,原油,1853.0,52.18,2
2022-08-31,原油,1992.0,199.77,3
2022-09-01,原油,1762.0,-18.31,2
2022-09-02,原油,1559.0,-189.41,2
2022-09-05,原油,1515.0,-192.21,2
2022-09-06,原油,1554.0,-115.35,2
2022-09-07,原油,1759.0,112.11,2
2022-09-08,原油,2038.0,387.46,3
2022-09-21,原油,1556.0,150.69,2
2022-09-26,原油,1928.0,538.69,3
2022-09-27,原油,1857.0,438.86,3
2022-10-08,原油,1560.0,0.0,2
2022-10-10,原油,1617.0,256.47,3
2022-10-20,原油,1508.0,219.6,3
2022-11-18,原油,1352.0,258.03,1
2022-11-21,原油,1425.0,315.44,1
2022-11-22,原油,1424.0,296.1,1
2022-11-23,原油,1329.0,188.56,1
2022-11-24,原油,1336.0,187.99,1
2022-11-28,原油,1447.0,293.65,1
2022-12-05,原油,1535.0,352.62,3
2022-12-06,原油,1533.0,324.25,3
2022-12-07,原油,1526.0,293.09,3
2022-12-08,原油,1505.0,250.92,3
2022-12-09,原油,1524.0,250.26,3
2023-01-04,原油,1342.0,184.04,1
2023-01-05,原油,1407.0,233.57,1
2023-02-02,原油,1284.0,192.02,1
2023-02-06,原油,1313.0,200.67,1
2023-03-13,原油,1379.0,192.56,1
2023-03-15,原油,1564.0,337.58,3
2023-03-16,原油,2351.0,1052.56,3
2023-03-17,原油,1530.0,166.59,3
2023-03-20,原油,1530.0,147.05,2
2023-04-03,原油,2784.0,1336.34,3
2023-04-04,原油,1917.0,375.95,3
2023-05-04,原油,1568.0,229.02,3
2023-05-31,原油,1416.0,190.17,1
2023-06-13,原油,1401.0,166.97,1
2023-08-09,原油,1393.0,189.39,1
2023-09-06,原油,1442.0,247.37,1
2023-09-14,原油,1429.0,184.3,1
2023-09-19,原油,1459.0,177.96,1
2023-10-05,原油,1822.0,0.0,2
2023-10-07,原油,1521.0,0.0,2
2023-10-09,原油,2533.0,1125.61,3
2023-10-10,原油,2120.0,617.57,3
2023-10-11,原油,1780.0,226.92,3
2023-10-12,原油,1825.0,239.78,3
2023-10-13,原油,1654.0,45.45,2
2023-10-16,原油,1855.0,223.59,3
2023-10-17,原油,1649.0,-3.1,2
2023-10-18,原油,1731.0,66.09,2
2023-10-19,原油,1621.0,-54.14,2
2023-10-20,原油,1550.0,-125.45,2
2023-10-23,原油,1508.0,-161.91,2
2023-11-08,原油,1509.0,74.39,2
2023-12-07,原油,1329.0,258.99,1
2023-12-13,原油,1263.0,222.14,1
2024-03-04,原油,907.0,179.19,1
2024-03-05,原油,956.0,214.3,1
2024-03-14,原油,936.0,186.09,1
2024-04-08,原油,1254.0,471.81,1
2024-04-09,原油,1058.0,241.28,1
2024-04-10,原油,1177.0,332.08,1
2024-04-12,原油,1082.0,198.18,1
2024-04-15,原油,1297.0,382.82,1
2024-04-16,原油,1206.0,257.6,1
2024-04-18,原油,1183.0,206.43,1
2024-04-19,原油,1851.0,818.77,3
2024-05-20,原油,1144.0,251.288,1
2024-06-04,原油,1319.0,497.817,1
2022-01-04,纸浆,423.0,15.42,2
2022-01-07,纸浆,434.0,34.06,2
2022-02-18,纸浆,371.0,50.99,1
2022-02-23,纸浆,394.0,62.51,1
2022-02-24,纸浆,432.0,93.09,3
2022-02-28,纸浆,400.0,50.74,1
2022-03-03,纸浆,461.0,104.62,3
2022-03-07,纸浆,418.0,54.47,3
2022-03-08,纸浆,503.0,129.71,3
2022-03-09,纸浆,522.0,134.55,3
2022-03-10,纸浆,484.0,84.4,3
2022-03-14,纸浆,425.0,18.7,2
2022-03-21,纸浆,567.0,157.82,3
2022-03-22,纸浆,505.0,82.23,3
2022-03-24,纸浆,447.0,20.09,2
2022-03-25,纸浆,473.0,41.44,2
2022-04-11,纸浆,522.0,136.8,3
2022-05-07,纸浆,463.0,0.0,2
2022-05-08,纸浆,651.0,0.0,2
2022-05-09,纸浆,1277.0,884.79,3
2022-05-10,纸浆,815.0,357.77,3
2022-05-11,纸浆,723.0,232.97,3
2022-05-12,纸浆,520.0,14.24,2
2022-05-13,纸浆,463.0,-44.42,2
2022-05-16,纸浆,470.0,-36.4,2
2022-05-17,纸浆,404.0,-98.46,2
2022-05-18,纸浆,440.0,-57.27,2
2022-05-19,纸浆,462.0,-33.26,2
2022-05-24,纸浆,427.0,-48.54,2
2022-07-27,纸浆,358.0,56.11,1
2022-07-28,纸浆,389.0,81.46,1
2022-07-29,纸浆,371.0,57.56,1
2022-08-22,纸浆,353.0,53.05,1
2022-09-06,纸浆,422.0,116.58,3
2022-09-07,纸浆,414.0,98.06,3
2022-09-13,纸浆,378.0,50.83,1
2022-09-16,纸浆,452.0,111.77,3
2022-09-19,纸浆,413.0,63.39,3
2022-09-29,纸浆,396.0,53.41,1
2022-11-01,纸浆,353.0,50.35,1
2022-11-23,纸浆,458.0,146.34,3
2022-12-02,纸浆,376.0,66.45,1
2022-12-05,纸浆,396.0,79.08,1
2022-12-06,纸浆,380.0,56.05,1
2023-01-09,纸浆,319.0,66.55,1
2023-01-30,纸浆,290.0,66.91,1
2023-01-31,纸浆,297.0,68.56,1
2023-02-01,纸浆,289.0,55.61,1
2023-02-08,纸浆,340.0,91.14,1
2023-02-15,纸浆,318.0,59.53,1
2023-02-23,纸浆,330.0,58.03,1
2023-02-24,纸浆,328.0,50.48,1
2023-03-09,纸浆,361.0,67.86,1
2023-03-10,纸浆,351.0,51.26,1
2023-03-14,纸浆,362.0,52.84,1
2023-03-16,纸浆,415.0,91.86,3
2023-03-17,纸浆,386.0,54.19,1
2023-03-20,纸浆,433.0,92.3,3
2023-03-21,纸浆,542.0,185.4,3
2023-03-22,纸浆,408.0,37.96,2
2023-04-03,纸浆,407.0,21.26,2
2023-04-10,纸浆,414.0,29.67,2
2023-04-12,纸浆,450.0,59.83,3
2023-04-13,纸浆,487.0,87.27,3
2023-04-14,纸浆,404.0,-2.26,2
2023-04-20,纸浆,417.0,17.22,2
2023-04-21,纸浆,429.0,25.17,2
2023-04-25,纸浆,427.0,18.56,2
2023-04-27,纸浆,479.0,63.94,3
2023-05-04,纸浆,400.0,-9.81,0
2023-05-10,纸浆,424.0,23.76,2
2023-06-07,纸浆,447.0,119.25,3
2023-06-08,纸浆,436.0,97.58,3
2023-06-09,纸浆,412.0,65.42,3
2023-07-04,纸浆,486.0,155.93,3
2023-07-05,纸浆,410.0,68.68,3
2023-07-17,纸浆,443.0,93.12,3
2023-07-27,纸浆,407.0,55.89,3
2023-09-26,纸浆,394.0,83.98,1
2023-10-09,纸浆,411.0,93.08,3
2023-10-11,纸浆,425.0,93.17,3
2023-10-12,纸浆,436.0,94.3,3
2023-11-09,纸浆,420.0,114.97,3
2023-11-29,纸浆,346.0,53.28,1
2023-12-08,纸浆,371.0,83.78,1
2024-02-19,纸浆,276.0,51.06,1
2024-02-26,纸浆,310.0,76.15,1
2024-02-29,纸浆,312.0,69.56,1
2024-03-06,纸浆,322.0,64.17,1
2024-03-07,纸浆,357.0,91.41,1
2024-03-18,纸浆,362.0,80.62,1
2024-03-19,纸浆,345.0,56.25,1
2024-03-20,纸浆,364.0,68.33,1
2024-04-11,纸浆,425.0,103.72,3
2024-05-16,纸浆,361.0,62.455,1
2022-02-09,铜价,1515.0,364.95,1
2022-02-10,铜价,2222.0,1017.49,1
2022-02-11,铜价,2051.0,769.21,1
2022-02-14,铜价,2080.0,733.34,1
2022-02-16,铜价,1790.0,374.01,1
2022-02-24,铜价,2034.0,491.93,1
2022-03-03,铜价,2448.0,743.84,1
2022-03-04,铜价,2368.0,594.5,1
2022-03-07,铜价,3765.0,1862.3,3
2022-03-08,铜价,4004.0,1901.02,3
2022-03-09,铜价,3350.0,1082.3,3
2022-03-10,铜价,2954.0,585.96,1
2022-06-20,铜价,2688.0,1159.18,1
2022-06-21,铜价,2460.0,834.12,1
2022-06-22,铜价,2424.0,721.19,1
2022-06-23,铜价,3313.0,1496.8,3
2022-06-24,铜价,4304.0,2290.0,3
2022-06-27,铜价,3549.0,1340.35,3
2022-06-28,铜价,3243.0,906.77,3
2022-06-29,铜价,2845.0,425.74,1
2022-07-01,铜价,3004.0,501.1,3
2022-07-04,铜价,3309.0,725.5,3
2022-07-05,铜价,3354.0,679.05,3
2022-07-06,铜价,4767.0,1935.89,3
2022-07-07,铜价,4318.0,1295.28,3
2022-07-08,铜价,3699.0,552.29,3
2022-07-11,铜价,3473.0,253.95,2
2022-07-12,铜价,3547.0,269.25,2
2022-07-13,铜价,3778.0,431.64,3
2022-07-14,铜价,3713.0,295.73,2
2022-07-15,铜价,3916.0,427.1,3
2022-07-18,铜价,3697.0,143.43,2
2022-07-19,铜价,3460.0,-130.05,2
2022-07-20,铜价,3143.0,-452.6,2
2022-07-28,铜价,3168.0,-255.95,2
2022-08-01,铜价,3116.0,-283.49,2
2022-11-07,铜价,3097.0,1552.05,3
2022-11-08,铜价,2173.0,530.92,1
2022-11-09,铜价,2045.0,364.72,1
2022-11-10,铜价,2062.0,351.65,1
2022-11-11,铜价,2433.0,675.5,1
2022-11-14,铜价,2293.0,480.31,1
2023-01-30,铜价,1903.0,729.89,1
2023-01-31,铜价,1692.0,465.86,1
2023-02-01,铜价,1886.0,611.41,1
2023-02-02,铜价,1732.0,410.42,1
2023-02-06,铜价,1941.0,548.86,1
2023-02-22,铜价,2061.0,382.53,1
2023-03-16,铜价,2236.0,494.95,1
2023-05-12,铜价,2242.0,683.51,1
2023-05-15,铜价,2020.0,405.86,1
2023-05-25,铜价,1983.0,367.2,1
2023-08-01,铜价,1924.0,507.4,1
2024-03-14,铜价,3729.0,2225.74,3
2024-03-15,铜价,3367.0,1656.3,3
2024-03-18,铜价,3647.0,1748.55,3
2024-03-19,铜价,3067.0,1009.9,3
2024-03-20,铜价,2714.0,556.53,1
2024-03-21,铜价,2707.0,474.89,1
2024-04-08,铜价,4814.0,2348.4,3
2024-04-09,铜价,4062.0,1379.92,3
2024-04-10,铜价,3896.0,1059.49,3
2024-04-11,铜价,3088.0,157.35,2
2024-04-12,铜价,3557.0,556.72,3
2024-04-15,铜价,3399.0,319.72,2
2024-04-16,铜价,3099.0,-29.96,2
2024-04-18,铜价,3300.0,139.89,2
2024-04-19,铜价,4907.0,1621.36,3
2024-04-22,铜价,5466.0,1958.09,3
2024-04-23,铜价,4927.0,1213.3,3
2024-04-24,铜价,4275.0,430.68,3
2024-04-25,铜价,3691.0,-212.07,2
2024-04-26,铜价,3455.0,-460.81,2
2024-04-30,铜价,3415.0,-451.26,2
2024-05-06,铜价,4005.0,113.08,2
2024-05-07,铜价,3299.0,-609.89,2
2024-05-15,铜价,3023.0,-569.519,2
2024-05-16,铜价,3058.0,-507.215,2
2024-05-17,铜价,3664.0,92.95,2
2024-05-18,铜价,3117.0,0.0,2
2024-05-20,铜价,9465.0,5572.995,3
2024-05-21,铜价,7083.0,2725.839,3
2024-05-22,铜价,5465.0,875.744,3
2024-05-23,铜价,7044.0,2242.622,3
2024-05-24,铜价,5046.0,70.751,2
2024-05-27,铜价,4477.0,-531.255,2
2024-05-28,铜价,4055.0,-933.493,2
2024-05-29,铜价,3598.0,-1327.45,2
2024-05-30,铜价,3793.0,-1059.87,2
2024-05-31,铜价,3587.0,-1196.93,2
2024-06-03,铜价,3899.0,-825.211,2
2024-06-04,铜价,3739.0,-936.194,2
2024-06-05,铜价,3655.0,-961.931,2
2024-06-06,铜价,3402.0,-1143.41,2
2024-06-11,铜价,3552.0,-807.162,2
2024-06-12,铜价,3338.0,-958.135,2
2022-01-28,铁矿石,898.0,315.14,1
2022-02-07,铁矿石,971.0,359.2,1
2022-02-08,铁矿石,968.0,325.83,1
2022-02-09,铁矿石,1210.0,527.79,3
2022-02-10,铁矿石,1233.0,500.56,3
2022-02-11,铁矿石,1313.0,528.92,3
2022-02-14,铁矿石,1171.0,342.15,3
2022-02-15,铁矿石,1785.0,891.41,3
2022-02-16,铁矿石,1347.0,384.83,3
2022-02-17,铁矿石,1294.0,292.67,3
2022-02-21,铁矿石,1195.0,154.19,2
2022-03-01,铁矿石,1259.0,186.26,2
2022-03-02,铁矿石,1297.0,198.7,2
2022-03-03,铁矿石,1656.0,514.58,3
2022-03-04,铁矿石,1253.0,74.01,2
2022-03-07,铁矿石,1323.0,125.85,2
2022-03-28,铁矿石,1207.0,169.64,2
2022-03-30,铁矿石,1224.0,164.41,2
2022-04-13,铁矿石,1194.0,172.14,2
2022-04-25,铁矿石,1196.0,223.78,3
2022-05-23,铁矿石,1238.0,443.35,3
2022-06-20,铁矿石,1346.0,548.08,3
2022-07-15,铁矿石,1078.0,299.29,1
2022-07-26,铁矿石,1103.0,238.69,1
2022-07-28,铁矿石,1144.0,249.19,1
2022-11-18,铁矿石,948.0,275.17,1
2022-12-09,铁矿石,1049.0,263.08,1
2023-01-12,铁矿石,932.0,221.36,1
2023-01-13,铁矿石,1416.0,659.07,3
2023-01-16,铁矿石,1047.0,241.56,1
2023-02-17,铁矿石,1053.0,257.8,1
2023-02-20,铁矿石,1521.0,675.61,3
2023-02-21,铁矿石,1530.0,614.66,3
2023-02-22,铁矿石,1294.0,325.21,3
2023-03-03,铁矿石,1247.0,259.27,3
2023-03-09,铁矿石,1287.0,249.03,3
2023-03-10,铁矿石,1592.0,508.65,3
2023-03-13,铁矿石,1365.0,235.96,3
2023-03-14,铁矿石,1430.0,266.84,3
2023-03-15,铁矿石,1204.0,17.42,2
2023-06-06,铁矿石,957.0,260.97,1
2023-06-08,铁矿石,994.0,261.77,1
2023-06-09,铁矿石,1118.0,356.08,1
2023-06-27,铁矿石,998.0,277.3,1
2023-06-30,铁矿石,960.0,209.42,1
2023-08-17,铁矿石,779.0,240.82,1
2023-08-23,铁矿石,806.0,228.94,1
2023-09-14,铁矿石,806.0,204.43,1
2023-10-24,铁矿石,800.0,243.15,1
2023-11-01,铁矿石,1206.0,570.35,3
2023-11-02,铁矿石,973.0,291.84,1
2023-11-03,铁矿石,1081.0,363.92,1
2023-11-10,铁矿石,1218.0,414.88,3
2023-11-14,铁矿石,1222.0,352.05,3
2023-11-15,铁矿石,1423.0,502.72,3
2023-11-16,铁矿石,1339.0,366.51,3
2023-11-21,铁矿石,1184.0,172.96,2
2023-11-22,铁矿石,1476.0,425.34,3
2023-11-23,铁矿石,1461.0,360.21,3
2023-11-24,铁矿石,1163.0,31.51,2
2023-12-08,铁矿石,1177.0,182.07,2
2024-01-02,铁矿石,1020.0,259.01,1
2024-01-03,铁矿石,1023.0,237.3,1
2024-02-20,铁矿石,767.0,252.45,1
2024-03-11,铁矿石,775.0,230.85,1
